"","Municipio","Estado","Establecimiento","total_n","lon","lat"
"1"," ABASOLO","GUANAJUATO","BOTICA DIMESA ANEXA A HOSPITAL COMUNITARIO DEL BICENTENARIO ABASOLO",4,-101.5469697,20.4393141
"2"," ACAJETE","PUEBLA","INTERCONTINENTAL DE MEDICAMENTOS FARMACIA HOSPITAL INTEGRAL ACAJETE - TEPETZALA",6,-97.948212,19.114697
"3"," ACALA","CHIAPAS","EXFARMA HOSPITAL BASICO COMUNITARIO ACALA",1,-92.8149632,16.5565255
"4"," ACAPULCO DE JUAREZ","GUERRERO","FARMACIA HOSPITAL NAVAL DE ACAPULCO",5,-99.8490661,16.8406597
"5"," ACAPULCO DE JUAREZ","GUERRERO","FARMACIA LA PAZ",17,-99.8906278,16.8728538
"6"," ACAPULCO DE JUAREZ","GUERRERO","FARMACIAS ESPECIALIZADAS, SUC. ACAPULCO",258,-99.879834,16.860941
"7"," ACAPULCO DE JUAREZ","GUERRERO","HOSPITAL GENERAL DONATO G ALARCON",36,-99.8275742,16.8996226
"8"," ACATLAN","PUEBLA","INTERCONTINENTAL DE MEDICAMENTOS, S.A. DE C.V. / FARMACIA H.G. ACATLAN DE OSORIO",21,-98.0484434,18.2019204
"9"," ACATLAN","PUEBLA","INTERCONTINENTAL DE MEDICAMENTOS, S.A. DE C.V. FARMACIA H.G. ACATLAN DE OSORIO",54,-98.0484434,18.2019204
"10"," ACATZINGO","PUEBLA","INTERCONTINENTAL DE MEDICAMENTOS FARMACIA HOSPITAL INTEGRAL ACATZINGO",16,-97.7993113,18.9780672
"11"," ACTOPAN","HIDALGO","FARMACIAS DISUR FARMACIA DEL HOSPITAL GENERAL DE ACTOPAN",3,-98.939736,20.262735
"12"," AGUA DULCE","VERACRUZ DE IGNACIO DE LA LLAVE","FARMACIA ALOPATICA HOSPITAL GENERAL AGUA DULCE",6,-94.1385819,18.1371088
"13"," AGUASCALIENTES","AGUASCALIENTES","FARMACIA BIOMATERNA",366,-102.3024465,21.8701471
"14"," AGUASCALIENTES","AGUASCALIENTES","FARMACIA CENTENARIO HOSPITAL MIGUEL HIDALGO",1031,-102.289725,21.89169
"15"," AGUASCALIENTES","AGUASCALIENTES","FARMACIA FARMACOS ESPECIALIZADOS, S.A. DE C.V.",913,-102.304736,21.898047
"16"," AGUASCALIENTES","AGUASCALIENTES","FARMACIA HOSPITALES STAR MEDICA",481,-102.304164,21.897693
"17"," AGUASCALIENTES","AGUASCALIENTES","FARMACIA INTERNA MAC",785,-102.2915677,21.8852562
"18"," AGUASCALIENTES","AGUASCALIENTES","FARMACIA INTERVIVE S.A. DE C.V.",23,-102.297641,21.885319
"19"," AGUASCALIENTES","AGUASCALIENTES","FARMACIA LA PAZ",1590,-102.2967364,21.8741217
"20"," AGUASCALIENTES","AGUASCALIENTES","FARMACIA MEDICARD",138,-102.293401,21.913707
"21"," AGUASCALIENTES","AGUASCALIENTES","FARMACIAS ESPECIALIZADAS, SUC. AGUASCALIENTES 2",629,-102.304736,21.898047
"22"," AGUASCALIENTES","AGUASCALIENTES","PROMOTORA INMOBILIARIA MEDICA DE AGUASCALIENTES SA DE CV",7,-102.3017879,21.871708
"23"," AGUASCALIENTES","AGUASCALIENTES","UNIDAD DE SALUD INTEGRAL ROBLES SC",170,-102.3060896,21.8825825
"24"," AHOME","SINALOA","FARMACIA LA PAZ",7,-108.9884797,25.7702783
"25"," AJALPAN","PUEBLA","INTERCONTINENTAL DE MEDICAMENTOS, S.A. DE C.V. FARMACIA H.I. AJALPAN",4,-97.2591254,18.3781582
"26"," ALVARO OBREGON","CIUDAD DE MEXICO","FARMACIA DEL HOSPITAL GENERAL DR. ENRIQUE CABRERA",381,-99.231889,19.3777826
"27"," ALVARO OBREGON","CIUDAD DE MEXICO","FARMACIA INTRAHOSPITALARIA",4790,-99.2404076,19.3381768
"28"," ALVARO OBREGON","CIUDAD DE MEXICO","FARMACIAS ESPECIALIZADAS, SUCURSAL ABC OBSERVATORIO",2446,-99.203881,19.399801
"29"," ALVARO OBREGON","CIUDAD DE MEXICO","OPERADORA SAN ANGEL INN, S.A. DE C.V.",235,-99.1978964,19.3493018
"30"," AMECAMECA","MEXICO","FARMACIA INTRAHOSPITALARIA GENERAL VALENTIN GOMEZ FARIAS",9,-98.7850724,19.1448527
"31"," APATZINGAN","MICHOACAN DE OCAMPO","FARMACIA DISUR HOSPITAL REGIONAL DE APATZINGAN",1,-102.3215133,19.0662228
"32"," APATZINGAN","MICHOACAN DE OCAMPO","FARMACIA MEDALFA HOSPITAL REGINAL DE APTAZINGAN",7,-102.3215784,19.066124
"33"," APETATITLAN DE ANTONIO CARVAJAL","TLAXCALA","FARMACIA HOSPITAL INFANTIL DE TLAXCALA",25,-98.2394564,19.3180081
"34"," APODACA","NUEVO LEON","UNION DE COMPRAS DE FARMACIAS DE NUEVO LEON, S, RL, DE C.V.",704,-100.1858743,25.776468
"35"," ATIZAPAN DE ZARAGOZA","MEXICO","DISTRIBUIDORA INTERNACIONAL DE MEDICAMENTOS Y EQUIPO MEDICO S.A. DE C.V.",21,-99.1609408,19.464706
"36"," ATIZAPAN DE ZARAGOZA","MEXICO","FARMACIA DISUR DEL HOSPITAL GENERAL ATIZAPAN DOCTOR SALVADOR GONZALEZ HERREJON",6,-99.2375127,19.5462206
"37"," ATIZAPAN DE ZARAGOZA","MEXICO","FARMACIA MEDALFA DEL HOSPITAL GENERAL ATIZAPAN DOCTOR SALVADOR GONZALEZ HERREJON",28,-99.2674713,19.5562275
"38"," ATIZAPAN DE ZARAGOZA","MEXICO","INSTITUTO DE SALUD DEL ESTADO DE MEXICO",226,-99.2427327,19.556937
"39"," ATLIXCO","PUEBLA","INTERCONTINENTAL DE MEDICAMENTOS FARMACIA HOSPITAL GENERAL DE ATLIXCO GONZALO RIO ARRONTE",41,-98.415797,18.9026572
"40"," ATOYAC DE ALVAREZ","GUERRERO","FARMACIA HOSPITAL GENERAL DE ATOYAC DR. JUVENTINO RODRIGUEZ GARCIA",2,-100.4401555,17.2035727
"41"," ATZALAN","VERACRUZ DE IGNACIO DE LA LLAVE","FARMACIA ALOPATICA DEL HOSPITAL RURAL OPORTUNIDADES, 30 CAMAS SUSTENTABLE",5,-97.1058259,19.8988837
"42"," AXOCHIAPAN","MORELOS","FARMACIA VANTAGE HG AXOCHIAPAN DR. ANGEL VENTURA NERI",28,-98.7495911,18.5004347
"43"," AZCAPOTZALCO","CIUDAD DE MEXICO","FARMACIA DE LA UMAE HOSPITAL GENERAL C.M.N.R.",1884,-99.144142,19.4652649
"44"," AZCAPOTZALCO","CIUDAD DE MEXICO","FARMACIA HOSPITAL CENTRAL NORTE PETROLEOS MEXICANOS",1860,-99.200873,19.479894
"45"," AZCAPOTZALCO","CIUDAD DE MEXICO","FARMACIA UMAE HOSPITAL DE GINECO OBSTETRICIA NO. 3 C.M.N LA RAZA",175,-99.1448375,19.4664354
"46"," BAHIA DE BANDERAS","NAYARIT","FARMACIA HOSPITAL SAN JAVIER SA DE CV",1,-105.2958935,20.6973497
"47"," BENITO JUAREZ","CIUDAD DE MEXICO","CENTRO HOSPITALARIO PATRIOTISMO, S.A. DE C.V.",269,-99.1862855,19.3762452
"48"," BENITO JUAREZ","CIUDAD DE MEXICO","CENTRO HOSPITALARIO UNIVERSIDAD, S.A. DE C.V.",669,-99.1674877,19.3590174
"49"," BENITO JUAREZ","CIUDAD DE MEXICO","CLINICA DEL BOSQUE",7,-99.1745234,19.3857203
"50"," BENITO JUAREZ","CIUDAD DE MEXICO","CLINICA INTEGRAL DE TRATAMIENTO CONTRA LAS ADICCIONES, S.A. DE C.V.",1644,-99.1212626,19.2137742
"51"," BENITO JUAREZ","CIUDAD DE MEXICO","COFEPRIS - VALIDACION TELEFONICA",821,-99.1749246,19.3927623
"52"," BENITO JUAREZ","CIUDAD DE MEXICO","FARMACIA BT1",2713,-99.1661295,19.3670859
"53"," BENITO JUAREZ","CIUDAD DE MEXICO","FARMACIA DEL HOSPITAL GENERAL XOCO",140,-99.1630006,19.3635609
"54"," BENITO JUAREZ","CIUDAD DE MEXICO","FARMACIA GRUPO TORRE MEDICA HOSPITAL DEL VALLE",89,-99.1675782,19.3852538
"55"," BENITO JUAREZ","CIUDAD DE MEXICO","FARMACIA ISOS PHARMACORP",103,-99.1679734,19.3999462
"56"," BENITO JUAREZ","CIUDAD DE MEXICO","FARMACIA LA PAZ",290,-99.1627457,19.3967868
"57"," BENITO JUAREZ","CIUDAD DE MEXICO","FARMACIA SPORTS CLINIC WTC",53,-99.1754562,19.3952937
"58"," BENITO JUAREZ","CIUDAD DE MEXICO","FESPRO, S. DE R.L. DE C.V.",2131,-99.0719083,19.4360762
"59"," BENITO JUAREZ","CIUDAD DE MEXICO","HSAI CORTA ESTANCIA SA DE CV",16,-99.1648627,19.3960858
"60"," BENITO JUAREZ","CIUDAD DE MEXICO","STAR MEDICA INFANTIL PRIVADO",136,-99.1793466,19.3961801
"61"," BENITO JUAREZ","QUINTANA ROO","FARMACIA LA PAZ",56,-86.8286642,21.1771214
"62"," BENITO JUAREZ","QUINTANA ROO","FARMACIAS ESPECIALIZADAS, SUC. CANCUN",1216,-86.825363,21.162249
"63"," CADEREYTA JIMENEZ","NUEVO LEON","CLINICA SAN ANDRES",170,-100.0073899,25.5913241
"64"," CAJEME","SONORA","BOTICA CENTRO MEDICO SUR SONORA S.A. Y/O CENTRO MEDICO SUR SONORA, S.A.",22,-109.933139,27.512329
"65"," CAJEME","SONORA","BOTICA DEL HOSPITAL GENERAL CIUDAD OBREGON",134,-109.9550358,27.4835659
"66"," CAJEME","SONORA","BOTIQUIN DEL HOSPITAL PRIVADO SAN JOSE DE CIUDAD OBREGON",191,-109.9395733,27.4923826
"67"," CAJEME","SONORA","FARMACIA LA PAZ",156,-109.9545114,27.4825057
"68"," CAJEME","SONORA","FARMACOS ESPECIALIZADOS, S.A. DE C.V.",201,-109.9390477,27.491989
"69"," CAJEME","SONORA","HOSPITAL DE ESPECIALIDADES NO. 2 I.M.S.S.",2553,-109.963378,27.496506
"70"," CAMPECHE","CAMPECHE","BOTICA INTERNA VOSSAN",102,-90.6193063,19.7879307
"71"," CAMPECHE","CAMPECHE","BOTICA MEDSUR",786,-90.5351064,19.8319704
"72"," CAMPECHE","CAMPECHE","FARMACIA DEL HOSPITAL GENERAL DE ESPECIALIDADES",45,-90.5232408,19.8150527
"73"," CAMPECHE","CAMPECHE","FARMACIA DIMESA DE HOSPITAL GENERAL DE ESPECIALIDADADES",291,-90.5238246,19.815024
"74"," CAMPECHE","CAMPECHE","FARMACIA LA PAZ",199,-90.5250822,19.8180811
"75"," CAMPECHE","CAMPECHE","FARMACIA SANATORIO Y CLINICA CAMPECHE",121,-90.535506,19.8378004
"76"," CATEMACO","VERACRUZ DE IGNACIO DE LA LLAVE","FARMACIA EXFARMA S.A. DE C.V. HOSPITAL DE LA COMUNIDAD DE CATEMACO",1,-95.1129658,18.4212621
"77"," CELAYA","GUANAJUATO","BOTICA ANEXA A HOSPITAL SAN JOSE DE CELAYA",99,-100.8331539,20.5523172
"78"," CELAYA","GUANAJUATO","BOTICA ANEXA AL CENTRO DE ESPECIALIDADES MEDICAS DE CELAYA",11,-100.813459,20.52374
"79"," CELAYA","GUANAJUATO","BOTICA ANEXA HOSPITAL MATERNO CELAYA",611,-100.8356229,20.4915176
"80"," CELAYA","GUANAJUATO","BOTICA HOSPITALARIA DIMESA ANEXA A HOSPITAL GENERAL DE CELAYA",2,-100.8460329,20.5256289
"81"," CELAYA","GUANAJUATO","BOTICA INTRAHOSPITALARIA DIMESA ANEXA A HOSPITAL GENERAL CELAYA",46,NA,NA
"82"," CELAYA","GUANAJUATO","CENTRO HOSPITALARIO MAC, S.A. DE C.V.",102,-100.8297479,20.5295701
"83"," CELAYA","GUANAJUATO","FARMACIA DEL BAJIO (SECTOR PRIVADO)",117,-100.814607,20.5211979
"84"," CELAYA","GUANAJUATO","FARMACIA LA PAZ",275,-100.8468057,20.5259944
"85"," CELAYA","GUANAJUATO","FARMACIAS ESPECIALIZADAS, SUCURSAL CELAYA",730,-100.813355,20.524635
"86"," CELAYA","GUANAJUATO","LA GRAN FARMACIA DE CELAYA",23,-100.8146079,20.521092
"87"," CENTRO","TABASCO","EXFARMA CENTRO DE ESPECIALIDADES MEDICAS",8,-92.9363513,17.9804513
"88"," CENTRO","TABASCO","FARMACIA DEL HOSP. DE ALTA ESP. DR. JUAN GRAHAM CASASUS",520,-92.9859467,17.9777244
"89"," CENTRO","TABASCO","FARMACIA LA PAZ",255,-92.9215049,18.0106348
"90"," CENTRO","TABASCO","FARMACIAS ESPECIALIZADAS SUCURSAL VILLAHERMOSA 1",592,-92.927868,17.98842
"91"," CENTRO","TABASCO","FARMACIAS ESPECIALIZADAS SUCURSAL VILLAHERMOSA 2",93,-92.927868,17.98842
"92"," CENTRO","TABASCO","GRUPO DE ESPECIALIDADES FARMACEUTICAS GENESIS, S.A. DE C.V.",79,-92.9507964,17.9869574
"93"," CENTRO","TABASCO","HOSPITAL DEL SURESTE A.C.",105,-92.9308729,17.9927229
"94"," CENTRO","TABASCO","MEDICA TABASCO",32,-92.9315027,17.9912267
"95"," CENTRO","TABASCO","PETROLEOS MEXICANOS",20,-92.9232826,17.9965724
"96"," CHALCHICOMULA DE SESMA","PUEBLA","INTERCONTINENTAL DE MEDICAMENTOS, S.A. DE C.V. FARMACIA H.G. (CIUDAD SERDAN)",76,-97.4512759,18.9834832
"97"," CHALCO","MEXICO","FARMACIA DISUR INTRAHOSPITALARIA HOSPITAL MATERNO INFANTIL DE CHALCO",3,-98.9217611,19.2134808
"98"," CHAMULA","CHIAPAS","EXRFARMA HOSPITAL BASICO COMUNITARIO CHAMULA",2,-92.6889152,16.7879784
"99"," CHIHUAHUA","CHIHUAHUA","FARMACIA CHRISTUS MUGUERZA DEL PARQUE",44,-106.0752936,28.6296422
"100"," CHIHUAHUA","CHIHUAHUA","FARMACIA DE LA CLINICA DEL CENTRO",279,-106.0778209,28.6329414
"101"," CHIHUAHUA","CHIHUAHUA","FARMACIA DE PENSIONES CIVILES DEL ESTADO",1323,-106.071869,28.6478978
"102"," CHIHUAHUA","CHIHUAHUA","FARMACIA FARMACOS ESPECIALIZADOS, S.A. DE C.V.",668,-106.075676,28.635351
"103"," CHIHUAHUA","CHIHUAHUA","FARMACIA HOSPITAL GENERAL REGIONAL NO 1",383,-106.0785302,28.6435999
"104"," CHIHUAHUA","CHIHUAHUA","FARMACIA INTRAHOSPITALARIA DEL HOSPITAL GENERAL PRESIDENTE LAZARO CARDENAS DEL RIO",3,-106.0963169,28.6601301
"105"," CHIHUAHUA","CHIHUAHUA","FARMACIA LA PAZ",53,-106.0687586,28.6473524
"106"," CHIHUAHUA","CHIHUAHUA","FARMACIAS DIS FAR H",1,-106.065184,28.633633
"107"," CHIMALHUACAN","MEXICO","FARMACIA DISUR  HOSPITAL MATERNO INFANTIL  VICENTE GUERRERO",2,-98.9732313,19.4422956
"108"," CINTALAPA","CHIAPAS","EXFARMA HOSPITAL BASICO COMUNITARIO CINTALAPA",9,-93.7304859,16.6815306
"109"," CIUDAD IXTEPEC","OAXACA","FARMACIA DISUR INTERIOR HOSPITAL GENERAL DE CIUDAD IXTEPEC",8,-95.1180886,16.5585394
"110"," CIUDAD MADERO","TAMAULIPAS","FARMACIA LA PAZ",3,-97.8580683,22.2514786
"111"," CIUDAD MADERO","TAMAULIPAS","HOSPITAL REGIONAL CD. MADERO",330,-97.854996,22.2657262
"112"," COATEPEC HARINAS","MEXICO","FARMACIA MEDALFA DEL HOSPITAL MUNICIPAL RAMON LOPEZ RAYON BICENTENARIO COATEPEC HARINAS",4,-99.7662871,18.9248915
"113"," COATZACOALCOS","VERACRUZ DE IGNACIO DE LA LLAVE","CLINICA HOSPITAL DE PEMEX",143,-94.4115861,18.1489205
"114"," COATZACOALCOS","VERACRUZ DE IGNACIO DE LA LLAVE","FARMACIA DEL HOSPITAL REGIONAL DE COATZACOALCOS DR. VALENTIN GOMEZ FARIAS",14,-94.424298,18.1454104
"115"," COATZACOALCOS","VERACRUZ DE IGNACIO DE LA LLAVE","FARMACIA LA PAZ",229,-94.4234164,18.1445221
"116"," COCULA","JALISCO","FARMACIA DEL HOSPITAL REGIONAL DE COCULA",43,-103.8229864,20.3651087
"117"," COLIMA","COLIMA","BOTICA DIMESA ANEXA A INSTITUTO ESTATAL DE CANCEROLOGIA",81,-103.7263387,19.2212196
"118"," COLIMA","COLIMA","CLINICA CORDOBA",110,-103.721256,19.2397941
"119"," COLIMA","COLIMA","FARMACIA DEL HGZ NO.1",204,-103.7583516,19.2714674
"120"," COLIMA","COLIMA","FARMACIA LA PAZ",413,-103.6932586,19.2617545
"121"," COLIMA","COLIMA","FARMACIAS ESPECIALIZADAS, SUC. COLIMA",963,-103.694306,19.25571
"122"," COLIMA","COLIMA","HOSPITAL REGIONAL UNIVERSITARIO",395,-103.6898346,19.2581408
"123"," COLIMA","COLIMA","INSTITUTO ESTATAL DE CANCEROLOGIA",344,-103.7263387,19.2212196
"124"," COLIMA","COLIMA","ISSSTE CLINICA HOSPITAL DR. MIGUEL TREJO OCHOA",272,-103.7139382,19.2509567
"125"," COLIMA","COLIMA","OCP OPERADORA CLINICA DEL PACIFICO S.A. DE C.V.",154,-103.7071241,19.2601457
"126"," COMITAN DE DOMINGUEZ","CHIAPAS","EXFARMA HOSPITAL GENERAL MARIA IGNACIA GANDULFO",14,-92.1295825,16.2456404
"127"," CONTLA DE JUAN CUAMATZI","TLAXCALA","FARMACIA INTRAHOSPITALARIA DEL HOSPITAL COMUNITARIO DE CONTLA",1,-98.1697297,19.3350168
"128"," CORDOBA","VERACRUZ DE IGNACIO DE LA LLAVE","FARMACIA ALOPATICA DISTRIBUIDORA MAYORISTA DE DIOS DE CORDOBA S.A. DE C.V",406,-96.9237751,18.8838909
"129"," CORDOBA","VERACRUZ DE IGNACIO DE LA LLAVE","FARMACIA ALOPATICA SANATORIO COVADONGA",172,-96.942564,18.8974596
"130"," CORDOBA","VERACRUZ DE IGNACIO DE LA LLAVE","FARMACIA EXFARMA, S.A. DE C.V. HOSPITAL GENERAL CORDOBA YANGA",7,-96.9198781,18.8796367
"131"," CORDOBA","VERACRUZ DE IGNACIO DE LA LLAVE","FARMACIA LA PAZ",393,-96.9205703,18.8793776
"132"," CORDOBA","VERACRUZ DE IGNACIO DE LA LLAVE","FARMACIA SIENA, S.A. DE C.V.",327,-96.9304228,18.8927242
"133"," CORDOBA","VERACRUZ DE IGNACIO DE LA LLAVE","HOSPITAL GENERAL CORDOBA YANGA",12,-96.9198781,18.8796367
"134"," CORTAZAR","GUANAJUATO","BOTICA DIMESA ANEXA A HOSPITAL COMUNITARIO CORTAZAR",4,-100.955384,20.47365
"135"," COSAMALOAPAN DE CARPIO","VERACRUZ DE IGNACIO DE LA LLAVE","FARMACIA EXFARMA, S.A. DE C.V. HOSPITAL GENERAL DE COSAMALOAPAN",3,-95.7966594,18.3657752
"136"," COXCATLAN","PUEBLA","INTERCONTINENTAL DE MEDICAMENTOS FARMACIA HOSPITAL INTEGRAL COXCATLAN",1,-97.1569735,18.2680049
"137"," COYOACAN","CIUDAD DE MEXICO","FARMACIA DE SEDNA HOSPITAL, S.A. DE C.V.",95,-99.1751913,19.3027209
"138"," COYOACAN","CIUDAD DE MEXICO","FARMACIA DEL HOSPITAL GENERAL NAVAL DE ALTA ESPECIALIDAD",1943,-99.1246806,19.3234015
"139"," COYOACAN","CIUDAD DE MEXICO","FARMACIA DEL INSTITUTO NACIONAL DE PEDIATRIA",3335,-99.1790521,19.3037309
"140"," COYOACAN","CIUDAD DE MEXICO","FARMACIA ESPECIALIZADA LA PAZ",232,-110.316953,24.157066
"141"," COYOACAN","CIUDAD DE MEXICO","FARMACIA LA PAZ",453,-99.124366,19.312152
"142"," COYOACAN","CIUDAD DE MEXICO","FARMACIA SAN PABLO SUCURSAL DIVISION DEL NORTE",179,-99.1504226,19.347392
"143"," COYOACAN","CIUDAD DE MEXICO","FARMACIA SAN PABLO SUCURSAL TAXQUENA",221,-99.134063,19.340407
"144"," COYOACAN","CIUDAD DE MEXICO","FARMACIA SAN PABLO SUCURSAL UNIVERSIDAD",148,-99.181107,19.3429345
"145"," COYOACAN","CIUDAD DE MEXICO","FARMACIAS ESPECIALIZADAS SUCURSAL DIVISION DEL NORTE",698,-99.1499775,19.3456307
"146"," COYOACAN","CIUDAD DE MEXICO","FUCAM, A.C.",419,-99.1368443,19.3062945
"147"," COYOACAN","CIUDAD DE MEXICO","HOSPITAL SHRINERS PARA NINOS, A.C.",189,-99.156422,19.30182
"148"," COYOACAN","CIUDAD DE MEXICO","MARCON PHARMA S.A DE C.V.",250,-99.1394197,19.3272544
"149"," COYOACAN","CIUDAD DE MEXICO","OPERADORA HMG, S.A. DE C.V.",668,-99.1436114,19.3279731
"150"," CUAJIMALPA DE MORELOS","CIUDAD DE MEXICO","FARMACIA INTRAHOSPITALARIA CENTRO MEDICO ABC SANTA FE",3197,-99.282671,19.356382
"151"," CUAJIMALPA DE MORELOS","CIUDAD DE MEXICO","FARMACIA SAN PABLO SUCURSAL SANTA FE",110,-99.2707744,19.3618765
"152"," CUAJIMALPA DE MORELOS","CIUDAD DE MEXICO","FARMACIAS ESPECIALIDAS, SUCURSAL BOSQUES",445,-99.262713,19.388105
"153"," CUAJIMALPA DE MORELOS","CIUDAD DE MEXICO","FARMACIAS ESPECIALIZADAS, SUCURSAL ABC SANTA FE",353,-99.282671,19.356382
"154"," CUAUHTEMOC","CIUDAD DE MEXICO","CLINICA QUIRURGICA BERLIN FARMACIA",26,-99.1572635,19.4282688
"155"," CUAUHTEMOC","CIUDAD DE MEXICO","FARMACIA ARCU",134,-99.1676954,19.4338719
"156"," CUAUHTEMOC","CIUDAD DE MEXICO","FARMACIA CENTRAL HOSPITAL GENERAL DE MEXICO DR. EDUARDO LICEAGA",1566,-99.1520225,19.4129258
"157"," CUAUHTEMOC","CIUDAD DE MEXICO","FARMACIA DE DIOS CENTRO",2,-99.1350309,19.4289314
"158"," CUAUHTEMOC","CIUDAD DE MEXICO","FARMACIA DE MEDICA SAN LUIS",61,-99.160855,19.414843
"159"," CUAUHTEMOC","CIUDAD DE MEXICO","FARMACIA DEL HOSPITAL DE ONCOLOGIA C.M.N. SIGLO XXI",265,-99.1554737,19.4069977
"160"," CUAUHTEMOC","CIUDAD DE MEXICO","FARMACIA DEL HOSPITAL GENERAL DR. GREGORIO SALAS FLORES",1,-99.1667287,19.4067715
"161"," CUAUHTEMOC","CIUDAD DE MEXICO","FARMACIA DIMESA HOSPITAL INFANTIL DE MEXICO FEDERICO GOMEZ",325,-99.1519298,19.4108089
"162"," CUAUHTEMOC","CIUDAD DE MEXICO","FARMACIA ESPECIALIZADA LA PAZ",120,-99.1512251,19.4149945
"163"," CUAUHTEMOC","CIUDAD DE MEXICO","FARMACIA HOSPITAL STAR MEDICA CENTRO",34,-99.1612314,19.4142233
"164"," CUAUHTEMOC","CIUDAD DE MEXICO","FARMACIA INTERNA",7,-99.1349451,19.4292753
"165"," CUAUHTEMOC","CIUDAD DE MEXICO","FARMACIA INTRAHOSPITALARIA DE LA UNI. MEDICA DE ALTA ESPECIALIDAD DE CARDIO. CEN.MED.NAL.SIGLO XXI",656,-99.1546281,19.4070032
"166"," CUAUHTEMOC","CIUDAD DE MEXICO","FARMACIA LA PAZ",737,-99.1512319,19.4149848
"167"," CUAUHTEMOC","CIUDAD DE MEXICO","FARMACIA MAYPO",208,-99.1528608,19.4141846
"168"," CUAUHTEMOC","CIUDAD DE MEXICO","FARMACIA PARIS, S.A. DE C.V.",482,-99.1349451,19.4292753
"169"," CUAUHTEMOC","CIUDAD DE MEXICO","FARMACIA PROBEMEDIC DISTRIBUCIONES",26,-99.1791778,19.4093668
"170"," CUAUHTEMOC","CIUDAD DE MEXICO","FARMACIA SAN PABLO SUCURSAL CENTRO",119,-99.1346627,19.4297452
"171"," CUAUHTEMOC","CIUDAD DE MEXICO","FARMACIA SAN PABLO SUCURSAL MONTERREY 360",123,-99.1605438,19.4047645
"172"," CUAUHTEMOC","CIUDAD DE MEXICO","FARMACIA SERVICIO REGIONAL 55 DEL C.M.S. XXI",1673,-99.1524585,19.4142651
"173"," CUAUHTEMOC","CIUDAD DE MEXICO","FARMACIAS ESPECIALIZADAS SUCURSAL JACARANDAS",579,-99.145046,19.464111
"174"," CUAUHTEMOC","CIUDAD DE MEXICO","FARMACIAS ESPECIALIZADAS, SUCURSAL CENTRO",1511,-99.134897,19.429503
"175"," CUAUHTEMOC","CIUDAD DE MEXICO","FARMACIAS ESPECIALIZADAS, SUCURSAL PASTEUR",1331,-99.1524585,19.4142651
"176"," CUAUHTEMOC","CIUDAD DE MEXICO","FARMACIAS ESPECIALIZADAS, SUCURSAL ROMA NORTE",1060,-99.160855,19.414843
"177"," CUAUHTEMOC","CIUDAD DE MEXICO","FARMACIAS ESPECIALIZADAS, SUCURSAL TLACOTALPAN",1682,-99.1665029,19.4071098
"178"," CUAUHTEMOC","CIUDAD DE MEXICO","FUNDACION DE ASISTENCIA PRIVADA CONDE DE VALENCIANA I.A.P.",372,-99.1424747,19.4225404
"179"," CUAUHTEMOC","CIUDAD DE MEXICO","OBESI FARMA",2149,-99.1633954,19.4156381
"180"," CUAUHTEMOC","CIUDAD DE MEXICO","OPERADORA COYOACAN DE CENTROS DE SALUD S.A. DE C.V.",286,-99.1495107,19.4356338
"181"," CUAUHTEMOC","CIUDAD DE MEXICO","OPERADORA DE HOSPITALES ANGELES, S.A. DE C.V.",1466,-99.1630862,19.4141717
"182"," CUAUHTEMOC","CIUDAD DE MEXICO","PHARMA CLUB, S.A DE C.V. SUCURSAL ALVARO OBREGON",7,-99.1588878,19.4186614
"183"," CUAUTITLAN IZCALLI","MEXICO","FARMACIA",10,-99.2101955,19.659966
"184"," CUAUTITLAN IZCALLI","MEXICO","GRUPO BAUSSALLEU, S.A. DE C.V.",28,-99.2231387,19.6528089
"185"," CUAUTITLAN IZCALLI","MEXICO","STAR MEDICA, S.A. DE C.V. FARMACIA",311,-99.2101855,19.6578959
"186"," CUAUTLA","MORELOS","FARMACIA VANTAGE HG CUAUTLA DR. MAURO BELAUNZARAN TAPIA",76,-98.9393004,18.8452469
"187"," CUERNAVACA","MORELOS","CUERNAVACA",18,-99.2215659,18.9242095
"188"," CUERNAVACA","MORELOS","FARMACIA INNOMINADA",2,-99.2350061,18.9244104
"189"," CUERNAVACA","MORELOS","FARMACIA LA PAZ",214,-99.2351044,18.9347073
"190"," CUERNAVACA","MORELOS","FARMACIA VANTAGEHG CUERNAVACA DR JOSE G PARRES",59,-99.2335442,18.9358982
"191"," CUERNAVACA","MORELOS","FARMACIAS ARV DEL H.G. DE CUERNAVACA DR. JOSE G. PARRES",69,-99.2335442,18.9358982
"192"," CUERNAVACA","MORELOS","FARMACIAS ESPECIALIZADAS, SUC. CUERNAVACA",712,-99.2151052,18.9242713
"193"," CUERNAVACA","MORELOS","FARMACIAS ESPECIALIZADAS, SUCURSAL CUERNAVACA 2",255,-99.2151052,18.9242713
"194"," CUETZALAN DEL PROGRESO","PUEBLA","INTERCONTINENTAL DE MEDICAMENTOS, S.A. DE C.V. FARMACIA H.G. CUETZALAN",115,-97.5233705,20.0176353
"195"," CULIACAN","SINALOA","BOTICA SANATORIO BATIZ RAMOS",55,-107.3984733,24.8062352
"196"," CULIACAN","SINALOA","FARMACIA INTRAHOSPITALARIA CENTRO MEDICO CULIACAN, S.A. DE C.V.",37,-107.3853935,24.8073497
"197"," CULIACAN","SINALOA","FARMACIA ISSSTE HOSPITAL REGIONAL DR. MANUEL CARDENAS DE LA VEGA",120,-107.3763045,24.7955353
"198"," CULIACAN","SINALOA","FARMACIA LA PAZ",249,-107.3898496,24.7933129
"199"," CULIACAN","SINALOA","FARMACIA OPERADORA NUEVA CLINICA SANTA MARIA, S.A. DE C.V.",109,-107.3909885,24.8040869
"200"," CULIACAN","SINALOA","FARMACIA VILAMED",1201,-107.3934302,24.7934468
"201"," CULIACAN","SINALOA","FARMACIAS ESPECIALIZADAS, SUC. CULIACAN",473,-107.3941918,24.7990831
"202"," DOCTOR ARROYO","NUEVO LEON","BOTICA DEL HOSPITAL GRAL. DR. ARROYO",61,-100.1894116,23.6776213
"203"," DOLORES HIDALGO","GUANAJUATO","FARMACIA INTERCONTINENTAL DE MEDICAMENTOS / HOSPITAL GENERAL CUNA DE LA INDEPENDENCIA NACIONAL",48,-100.9328375,21.1341375
"204"," DOLORES HIDALGO","GUANAJUATO","INSTITUTO DE SALUD PUBLICA DEL ESTADO DE GUANAJUATO",4,-101.2595857,21.0198175
"205"," DURANGO","DURANGO","FARMACIA ESPECIALIZADA LA PAZ",182,-104.657296,24.027062
"206"," DURANGO","DURANGO","FARMACIA HIDALGO",240,-104.6754231,24.0343069
"207"," DURANGO","DURANGO","FARMACOS ESPECIALIZADOS",379,-104.657296,24.027062
"208"," ECATEPEC DE MORELOS","MEXICO","BOTICA HOSPITAL GENERAL ECATEPEC LAS AMERICAS",74,-99.0186895,19.5941054
"209"," ECATEPEC DE MORELOS","MEXICO","FARMACIA HOSPITAL VIVO PARADOR AZTECA",134,-99.0266411,19.534081
"210"," ECATEPEC DE MORELOS","MEXICO","FARMACIA HOSPITALARIA, HOSPITAL GENERAL DE ECATEPEC DR. JOSE MA. RODRIGUEZ",269,-99.0380868,19.5143309
"211"," ECATEPEC DE MORELOS","MEXICO","FARMACIA LA PAZ",75,-99.048778,19.6058616
"212"," EL BARRIO DE LA SOLEDAD","OAXACA","FARMACIA DEL HOSPITAL GENERAL ROSA ELVIRA ALVAREZ DE ALVAREZ",12,-95.0761127,16.7997138
"213"," EL ORO","MEXICO","FARMACIA MEDALFA DEL HOSPITAL MUNICIPAL IGNACIO LOPEZ RAYON BICENTENARIO EL ORO",1,-100.138199,19.802839
"214"," EMILIANO ZAPATA","MORELOS","BOTICA DEL HOSPITAL DEL NINO MORELENSE",433,-99.2287651,18.8270713
"215"," EMILIANO ZAPATA","MORELOS","HOSPITAL DE A.E. CENTENARIO DE LA REVOLUCION MEXICANA",98,-99.1974106,18.8474558
"216"," ENSENADA","BAJA CALIFORNIA","CARDIOMED, S.A. DE C.V.",20,-116.624082,31.8734352
"217"," ENSENADA","BAJA CALIFORNIA","PROFESIONALES CONTRA LA ADICCION S.A DE C.V",4703,-116.6248866,31.8660905
"218"," FRESNILLO","ZACATECAS","BOTICA DIMESA DEL HOSPITAL GENERAL FRESNILLO DR JOSE HARO AVILA",223,-102.9127657,23.1720881
"219"," FRESNILLO","ZACATECAS","BOTICA I.S.S.S.T.E. CLINICA HOSPITAL NO 24",54,-102.8776603,23.1824159
"220"," FRESNILLO","ZACATECAS","FARMACIA REAL DE MINAS",184,-102.8848414,23.1715359
"221"," FRESNILLO","ZACATECAS","SANATORIO SAN VICENTE DE FRESNILLO AC",59,-102.8682967,23.177561
"222"," GALEANA","NUEVO LEON","HOSPITAL GENERAL DE GALEANA",37,-100.0728053,24.8193991
"223"," GARCIA","NUEVO LEON","PROSUPERACION FAMILIAR NEOLONESA, A. C.",85,-100.341684,25.6711243
"224"," GENERAL ESCOBEDO","NUEVO LEON","OPERADORA HOSPITARIA, S.A.P.I. DE C.V.",635,-100.3078959,25.766662
"225"," GUADALAJARA","JALISCO","ACOSTA DIAZ ERNESTO EDUARDO",88,-103.3711101,20.675794
"226"," GUADALAJARA","JALISCO","AMERICAS HOSPITAL, S.A. DE C.V.",103,-103.3729723,20.6949642
"227"," GUADALAJARA","JALISCO","ASOCIACION HOSPITALARIA DE SERVICIO SOCIAL, A. C.",312,-103.3541713,20.6723378
"228"," GUADALAJARA","JALISCO","CLINICA DEL PILAR S. C.",125,-103.397566,20.6765456
"229"," GUADALAJARA","JALISCO","CLINICA PARA SOPORTE DEL PACIENTE CON DOLOR S DE RL DE CV",11587,-103.3476062,20.6212428
"230"," GUADALAJARA","JALISCO","FARMACIA DE LA UNIDAD ESP. PARA LA ATENCION OBSTETRICA Y NEONATAL",34,-103.3113983,20.7176197
"231"," GUADALAJARA","JALISCO","FARMACIA DEL HOSPITAL MEXICO AMERICANO, S.C.",491,-103.3701981,20.691653
"232"," GUADALAJARA","JALISCO","FARMACIA DEMSA",430,-103.3722023,20.6793749
"233"," GUADALAJARA","JALISCO","FARMACIA DIMESA HOSPITAL CIVIL NUEVO",1,-103.3455573,20.6857728
"234"," GUADALAJARA","JALISCO","FARMACIA DIMESA HOSPITAL CIVIL VIEJO",89,-103.3455573,20.6857728
"235"," GUADALAJARA","JALISCO","FARMACIA GUADALAJARA, S.A. DE C.V.",6,-103.359479,20.6802898
"236"," GUADALAJARA","JALISCO","FARMACIA LA PAZ",4527,-103.3648888,20.6636888
"237"," GUADALAJARA","JALISCO","FARMACIA MAYPO",17,-103.3737178,20.6874534
"238"," GUADALAJARA","JALISCO","FARMACIA U.M.A.E HOSPITAL DE GINECO-OBSTETRICIA",278,-103.3274275,20.6839005
"239"," GUADALAJARA","JALISCO","FARMACIAS ESPECIALIZADAS SUCURSAL, GUADALAJARA 4",211,-103.373192,20.681546
"240"," GUADALAJARA","JALISCO","FARMACIAS ESPECIALIZADAS, SUC. GUADALAJARA 1",2091,-103.3899548,20.6848739
"241"," GUADALAJARA","JALISCO","FARMACIAS ESPECIALIZADAS, SUC. GUADALAJARA 2",588,-103.3899548,20.6848739
"242"," GUADALAJARA","JALISCO","FARMACOS ESPECILIZADOS, S.A. DE C.V.",2355,-103.3368256,20.6851288
"243"," GUADALAJARA","JALISCO","FARMANEST., S.A. DE C.V.",5591,-103.3314153,20.6219763
"244"," GUADALAJARA","JALISCO","FARMAOJO S.A. DE C.V",54,-103.3496092,20.6596988
"245"," GUADALAJARA","JALISCO","HOSPITAL CENTRAL QUIRURGICA DE GUADALAJARA S.A. DE C.V.",36,-103.3628328,20.6629304
"246"," GUADALAJARA","JALISCO","HOSPITAL DE ESPECIALIDADES DEL C.M.N DE OCCTE.",2,-103.3274275,20.6839005
"247"," GUADALAJARA","JALISCO","HOSPITAL DEL COUNTRY S.A. DE C.V.",1711,-103.3644732,20.7036835
"248"," GUADALAJARA","JALISCO","HOSPITAL DEL SAGRADO CORAZON, S.A. DE C.V.",88,-103.3391484,20.6701028
"249"," GUADALAJARA","JALISCO","HOSPITAL MAC-BERNARDETTE",280,-103.3580416,20.6773768
"250"," GUADALAJARA","JALISCO","HOSPITAL MEXICO AMERICANO , S.C.",289,-103.3701981,20.691653
"251"," GUADALAJARA","JALISCO","HOSPITAL MILITAR REGIONAL Y UNIDAD DE ESPECIALIDADES MEDICAS/FARMACIA",100,-103.3320708,20.6681565
"252"," GUADALAJARA","JALISCO","HOSPITAL PEDRO LOZA, S.A. DE C.V.",48,-103.3249696,20.6718009
"253"," GUADALAJARA","JALISCO","HOSPITAL SAN JAVIER S.A. DE C.V.",2703,-103.3896265,20.6878623
"254"," GUADALAJARA","JALISCO","HOSPITAL SANTA MARGARITA, S.A. DE C.V.",238,-103.3582764,20.6814137
"255"," GUADALAJARA","JALISCO","HOSPITAL TERRANOVA S.A.DE C.V.",612,-103.3866866,20.6854016
"256"," GUADALAJARA","JALISCO","INSTITUTO JALISCIENSE DE CIRUGIA RECONSTRUCTIVA",41,-103.3553368,20.708047
"257"," GUADALAJARA","JALISCO","O.P.D. HOSPITAL CIVIL DE GUADALAJARA DR. JUAN I. M.",2797,-103.333926,20.6869741
"258"," GUADALAJARA","JALISCO","O.P.D. INSTITUTO JALICIENSE DE CANCEROLOGIA",816,-103.3429512,20.6868371
"259"," GUADALAJARA","JALISCO","OPD HOSPITAL CIVIL DE GUADALAJARA",6216,-103.333926,20.6869741
"260"," GUADALAJARA","JALISCO","POLICLINICA CASTILLO, S.A. DE C.V.",1,-103.3496092,20.6596988
"261"," GUADALAJARA","JALISCO","SANATORIO SAN FRANCISCO DE ASIS, S.A. DE C.V.",390,-103.3786308,20.7109209
"262"," GUADALAJARA","JALISCO","SANATORIO VERSALLES DE GUADALAJARA S.A DE C.V.",215,-103.3464,20.708083
"263"," GUADALAJARA","JALISCO","SERVICIOS OPTOMETRICOS Y OPTICOS, S.A. DE C.V.",89,-103.3899135,20.6842243
"264"," GUADALAJARA","JALISCO","UNIDAD MEDICA DE ALTA ESPECIALIDAD, HOSPITAL DE PEDIATRIA",141,-103.3274275,20.6839005
"265"," GUADALAJARA","JALISCO","UNIDAD MEDICA SAN JAVIER",13,-103.3548273,20.6701703
"266"," GUADALUPE","NUEVO LEON","CENTRA HOSPITAL",849,-100.1820761,25.6562989
"267"," GUADALUPE","NUEVO LEON","FARMACIA LA PAZ",266,-100.2217734,25.695422
"268"," GUADALUPE","NUEVO LEON","HOSPITAL REGIONAL DE ALTA ESPECIALIDAD MATERNO INFANTIL",643,-100.2233881,25.694406
"269"," GUADALUPE","NUEVO LEON","SUPERA MEXFAM SERVICIOS MEDICOS",77,-100.2360919,25.7034317
"270"," GUADALUPE","ZACATECAS","BOTICA DEL HOSPITAL DE LA MUJER ZACATECANA",2,-102.513322,22.747654
"271"," GUADALUPE","ZACATECAS","BOTICA DIMESA DEL HOSPITAL DE LA MUJER ZACATECANA",80,-102.5002212,22.7444512
"272"," GUADALUPE","ZACATECAS","FARMACIA ESPECIALIZADA LA PAZ",183,-102.5295356,22.7522305
"273"," GUADALUPE","ZACATECAS","FARMACIAS ESPECIALIZADAS, SUC. ZACATECAS",438,-102.542894,22.757682
"274"," GUADALUPE","ZACATECAS","HOSPITAL SAN AGUSTIN S.A. DE C.V.",98,-102.532688,22.754322
"275"," GUSTAVO A. MADERO","CIUDAD DE MEXICO","FARMACIA DIMESA HOSPITAL JUAREZ DE MEXICO",1581,-99.1365466,19.4819811
"276"," GUSTAVO A. MADERO","CIUDAD DE MEXICO","FARMACIA LA PAZ",391,-99.1353324,19.4801492
"277"," GUSTAVO A. MADERO","CIUDAD DE MEXICO","FARMACIA SAN PABLO SUCURSAL CASMA",242,-99.1362479,19.491624
"278"," GUSTAVO A. MADERO","CIUDAD DE MEXICO","FARMACIAS ESPECIALIZADAS SUCURSAL LINDAVISTA",1252,-99.125589,19.488027
"279"," HERMOSILLO","SONORA","BOTICA DE HOSPITALIZACION DEL HOSPITAL IGNACIO CHAVEZ / I.S.S.S.T.E.SON.",2168,-110.9534086,29.0965991
"280"," HERMOSILLO","SONORA","BOTICA DEL CENTRO ESTATAL DE ONCOLOGIA",400,-110.9532344,29.0774475
"281"," HERMOSILLO","SONORA","BOTICA DEL CENTRO MEDICO DEL NOROESTE S.A. DE C.V.",108,-110.9511528,29.0813347
"282"," HERMOSILLO","SONORA","BOTICA DEL HOSPITAL  HERMOSILLO",189,-110.9543236,29.0891027
"283"," HERMOSILLO","SONORA","BOTICA DEL HOSPITAL GENERAL DE ZONA NO.14",3896,-111.0008838,29.0994563
"284"," HERMOSILLO","SONORA","BOTICA HOSPITAL GENERAL DEL ESTADO Y/O SERVICIOS DE SALUD DE SONORA",552,-110.9622129,29.086562
"285"," HERMOSILLO","SONORA","BOTICA HOSPITAL PRIVADO DE HERMOSILLO / HOSPITAL PRIVADO DE HERMOSILLO S.A. DE C.V.",1678,-110.9615543,29.0648761
"286"," HERMOSILLO","SONORA","BOTICA ISSSTE",361,-110.9543236,29.0891027
"287"," HERMOSILLO","SONORA","BOTICA SANTA CLARA Y/O SANATORIO SAN FRANCISCO DE HERMOSILLO, S.A. DE C.V.",74,-110.9544626,29.0826744
"288"," HERMOSILLO","SONORA","BOTICA UNEMECA Y/O SERVICIOS DE SALUD DE SONORA",34,-110.9641396,29.063024
"289"," HERMOSILLO","SONORA","CLINICA DE EXCELENCIA EN CIRUGIA / QUIRURGICA JOSA S.A. DE C.V.",159,-99.2792039,19.391637
"290"," HERMOSILLO","SONORA","FARMACIA INT. HOSPITAL SAN JOSE DE HERMOSILLO",1126,-110.9506823,29.1204082
"291"," HERMOSILLO","SONORA","FARMACIA INTERIOR DE CLINICA DE INFERTILIDAD HERMOSILLO Y/O CLINICA DE INFERTILIDAD HERMOSILLO SA DE CV",23,-111.0162912,29.0967198
"292"," HERMOSILLO","SONORA","FARMACIA LA PAZ / BODYLOGIC S.A. DE C.V.",63,-110.9604614,29.0872784
"293"," HERMOSILLO","SONORA","FARMACIA LA PAZ SUCURSAL MORELOS Y/O SALUCOM, S.A. DE C.V.",34,-110.9604614,29.0872784
"294"," HERMOSILLO","SONORA","FARMACIA LA PAZ Y/O SALUCOM, S.A. DE C.V.",550,-110.9604614,29.0872784
"295"," HERMOSILLO","SONORA","FARMACIA SAN BENITO Y/O CENTRO DE ATENCION DIAGNOSTICO Y REHABILITACION PRIVADO DE HERMOSILLO S.C.",31,-110.9589125,29.0898158
"296"," HERMOSILLO","SONORA","FARMACIAS ESPECIALIZADAS SUC. HERMOSILLO I / FARMACOS ESPECIALIZADOS S.A. DE C.V.",1592,-110.96383,29.065028
"297"," HERMOSILLO","SONORA","FARMACOS ESPECIALIZADOS S.A. DE C.V.",2690,-110.96383,29.065028
"298"," HEROICA CIUDAD DE HUAJUAPAN DE LEON","OAXACA","FARMACIA DISUR INTERIOR HOSPITAL GENERAL DE HUAJUAPAN DE LEON",11,-97.7726924,17.8116971
"299"," HUANIMARO","GUANAJUATO","BOTICA DIMESA ANEXA A HOSPITAL COMUNITARIO HUANIMARO",1,-101.4926692,20.3626416
"300"," HUAUCHINANGO","PUEBLA","INTERCONTINENTAL DE MEDICAMENTOS, S.A. DE C.V. FARMACIA H.G. HUAUCHINANGO",7,-98.0628862,20.1757001
"301"," HUEHUETOCA","MEXICO","FARMACIA MEDALFA DEL HOSPITAL MUNICIPAL HUEHUETOCA",3,-99.2306713,19.8287679
"302"," HUEJOTZINGO","PUEBLA","INTERCONTINENTAL DE MEDICAMENTOS, S.A. DE C.V. FARMACIA HOSPITAL GENERAL HUEJOTZINGO",102,-98.4086137,19.1589971
"303"," HUICHAPAN","HIDALGO","FARMACIAS DISUR FARMACIA DEL HOSPITAL DE HUICHAPAN",6,-99.6507,20.37422
"304"," HUIXQUILUCAN","MEXICO","FARMACIA SAN PABLO",116,-99.2717795,19.4034705
"305"," HUIXQUILUCAN","MEXICO","FLORES Y REGALOS ANGELES S.A.DE C.V.",24,-99.190243,19.411605
"306"," HUIXQUILUCAN","MEXICO","NOOR CLINIC, S.A. DE C.V.",15,-99.281986,19.431014
"307"," HUIXQUILUCAN","MEXICO","OPERADORA DE HOSPITALES ANGELES, S.A. DE C.V.",821,-99.209429,19.2988623
"308"," HUIXTLA","CHIAPAS","EXFARMA HOSPITAL GENERAL HUIXTLA",2,-92.4573192,15.1459758
"309"," IGUALA DE LA INDEPENDENCIA","GUERRERO","FARMACIA HOSPITAL GENERAL DR. JORGE SOBERON ACEVEDO",11,-99.5561745,18.3608296
"310"," IRAPUATO","GUANAJUATO","BOTICA ANEXA A HOSPITAL MATERNO INFANTIL DE IRAPUATO",189,-101.3028737,20.6779568
"311"," IRAPUATO","GUANAJUATO","BOTICA DIMESA ANEXA A HOSPITAL MATERNO INFANTIL IRAPUATO",72,-101.3028737,20.6779568
"312"," IRAPUATO","GUANAJUATO","BOTICA DIMESA ANEXA AL HOSPITAL GENERAL DE IRAPUATO",3,-101.3577201,20.6863236
"313"," IRAPUATO","GUANAJUATO","BOTICA DIMESA INTRAHOSPITALARIA ANEXA AL HOSPITAL GENERAL DE IRAPUATO",35,-101.3577201,20.6863236
"314"," IRAPUATO","GUANAJUATO","FARMACIA ANEXA A HOSPITAL MILITAR REGIONAL DE IRAPUATO",95,-101.3288188,20.6659435
"315"," IRAPUATO","GUANAJUATO","FARMACIA ANEXA A MAC HOSPITALES",221,-101.371616,20.676973
"316"," IRAPUATO","GUANAJUATO","FARMACIA ANEXA AL HOSPITAL GENERAL IRAPUATO",154,-101.358986,20.687074
"317"," IRAPUATO","GUANAJUATO","FARMACIA DE IRAPUATO, S.A. DE C.V.",60,-101.3475459,20.6749241
"318"," IRAPUATO","GUANAJUATO","FARMACIA DIMESA ANEXA AL HOSPITAL GENERAL DE IRAPUATO",8,-101.3577201,20.6863236
"319"," IRAPUATO","GUANAJUATO","FARMACIA LA PAZ",8,-101.3585543,20.6892526
"320"," IRAPUATO","GUANAJUATO","FARMACOS ESPECIALIZADOS",611,-101.3656674,20.6635924
"321"," IRAPUATO","GUANAJUATO","HOSPITAL MEDICA INSURGENTES",117,-101.357293,20.670116
"322"," IRAPUATO","GUANAJUATO","HOSPITALIZACION TORRE MEDICA",15,-101.3572848,20.6873406
"323"," ISLA","VERACRUZ DE IGNACIO DE LA LLAVE","FARMACIA EXFARMA, S.A. DE C.V. HOSPITAL GENERAL ISLA",1,-95.5300389,18.0376261
"324"," IXHUATLAN DEL SURESTE","VERACRUZ DE IGNACIO DE LA LLAVE","FARMACIA DEL HOSPITAL COMUNITARIO DE IXHUTLAN DEL SURESTE",11,-94.3884838,18.0200166
"325"," IXHUATLAN DEL SURESTE","VERACRUZ DE IGNACIO DE LA LLAVE","FARMACIA EXFARMA, S.A. DE C.V. HOSPITAL COMUNITARIO DE IXHUATLAN DEL SURESTE",1,-94.392561,18.0234486
"326"," IXMIQUILPAN","HIDALGO","FARMACIAS DISUR FARMACIA DEL HOSPITAL REGIONAL DEL VALLE DEL MEZQUITAL",1,-99.2130259,20.4791625
"327"," IXMIQUILPAN","HIDALGO","HOSPITAL REGIONAL DEL VALLE DEL MEZQUITAL",20,-99.1555146,20.4338192
"328"," IXTAPALUCA","MEXICO","FARMACIA DISUR INTRAHOSPITALARIA DEL HOSPITAL MATERNO LEONA VICARIO",4,-98.859793,19.3062626
"329"," IXTLAHUACAN","COLIMA","FARMACIA DEL HOSPITAL COMUNITARIO DE IXTLAHUACAN",2,-103.6211824,19.1017049
"330"," IZTAPALAPA","CIUDAD DE MEXICO","FARMACIA CENTRO DE CANJE DE VALES 3",256,-99.151273,19.4008242
"331"," IZTAPALAPA","CIUDAD DE MEXICO","FARMACIA DEL HOSPITAL GENERAL IZTAPALAPA C.E.E.",176,-99.1338538,19.3591142
"332"," IZTAPALAPA","CIUDAD DE MEXICO","FARMACIA LA PAZ",9,-99.0250714,19.3450553
"333"," IZTAPALAPA","CIUDAD DE MEXICO","FARMACIA SAN PABLO SUCURSAL GUELATAO",139,-99.0358156,19.3885655
"334"," IZTAPALAPA","CIUDAD DE MEXICO","FARMACIAS ESPECIALIZADAS, SUCURSAL IZTAPALAPA",118,-99.07755,19.352417
"335"," IZUCAR DE MATAMOROS","PUEBLA","INTERCONTINENTAL DE MEDICAMENTOS, S.A. DE C.V. FARMACIA H.G. IZUCAR DE MATAMOROS",274,-98.4677851,18.5991249
"336"," JALPA","ZACATECAS","BOTICA DIMESA JALPA",2,-102.9778617,21.637432
"337"," JARAL DEL PROGRESO","GUANAJUATO","BOTICA ANEXA AL HOSPITAL COMUNITARIO DE JARAL DEL PROGRESO",1,-101.0671877,20.3792773
"338"," JEREZ","ZACATECAS","BOTICA DIMESA DEL HOSPITAL GENERAL JEREZ",30,-102.9964828,22.639291
"339"," JOJUTLA","MORELOS","FARMACIA VANTAGE HG JOJUTLA DR. ERNESTO MEANA SAN ROMAN",143,-99.1907984,18.618164
"340"," JOJUTLA","MORELOS","FARMACIAS ARV H.G. DE JOJUTLA DR. ERNESTO MEANA SAN ROMAN",7,-99.1907984,18.618164
"341"," JONACATEPEC","MORELOS","FARMACIA VANTAGE HC JONACATEPEC",14,-98.8004489,18.6868603
"342"," JUAREZ","CHIHUAHUA","CLINICA INTEGRAL DE TRATAMIENTO CONTRA LAS ADICCIONES, S.A. DE C.V.",15888,-106.4573952,31.7392212
"343"," JUAREZ","CHIHUAHUA","FARMACIA DEL HOSPITAL GENERAL DE ZONA 6",47,-106.4490418,31.7403635
"344"," JUAREZ","CHIHUAHUA","FARMACIA ENTER",16,-106.45493,31.749459
"345"," JUAREZ","CHIHUAHUA","FARMACIA FARMACOS ESPECIALIZADOS, S.A. DE C.V.",168,-106.397622,31.718078
"346"," JUAREZ","CHIHUAHUA","FARMACIA LA PAZ",114,-106.4567392,31.7433766
"347"," JUAREZ","CHIHUAHUA","FARMACIAS ESPECIALIZADAS, SUCURSAL DE SENECU",234,-106.397622,31.718078
"348"," JUAREZ","CHIHUAHUA","HOSPITALES DE JUAREZ, S.A. DE C.V.",35,-106.4587861,31.7388639
"349"," JUAREZ","CHIHUAHUA","ICHISAL HOSPITAL GENERAL DE CD. JUAREZ",419,-106.4528179,31.737961
"350"," JUAREZ","CHIHUAHUA","OPERADORA DE HOSPITALES ANGELES, S.A. DE C.V.",431,-106.3926984,31.7141381
"351"," JUCHIPILA","ZACATECAS","BOTICA DIMESA JUCHIPILA",2,-103.1175436,21.4121021
"352"," LA MAGDALENA CONTRERAS","CIUDAD DE MEXICO","FARMACIA SAN PABLO SUCURSAL SANTA TERESA",86,-99.225111,19.3110647
"353"," LA MAGDALENA CONTRERAS","CIUDAD DE MEXICO","OPERADORA DE HOSPITALES ANGELES, S.A. DE C.V.",1133,-99.2212585,19.3124226
"354"," LA PAZ","BAJA CALIFORNIA SUR","FARMACIA DEL BENEMERITO HOSPITAL GENERAL CON ESPECIALIDADES  JUAN MARIA DE SALVATIERRA",1,-110.3188638,24.1127411
"355"," LA PAZ","BAJA CALIFORNIA SUR","FARMACIA HOSPITAL NAVAL DE LA PAZ",7,-110.3297839,24.1516189
"356"," LA PAZ","BAJA CALIFORNIA SUR","FARMACIA INTRAHOSPITALARIA HOSPITAL GENERAL ISSSTE LA PAZ",1301,-110.341322,24.1380772
"357"," LA PAZ","BAJA CALIFORNIA SUR","FARMACIA PROVEEDORA HOSPITALARIA DE B.C.S.",32,-110.3192018,24.1467004
"358"," LA PAZ","BAJA CALIFORNIA SUR","FARMACIA PROVEEDORA HOSPITALARIA DE BCS",226,-110.3192018,24.1467004
"359"," LA PAZ","BAJA CALIFORNIA SUR","FARMACIAS ESPECIALIZADAS, SUC. LA PAZ",541,-110.316953,24.157066
"360"," LA PAZ","MEXICO","FARMACIA MEDALFA DEL HOSPITAL MATERNO INFANTIL MIGUEL HIDALGO Y COSTILLA",5,-98.9267335,19.4124448
"361"," LAS CHOAPAS","VERACRUZ DE IGNACIO DE LA LLAVE","FARMACIA EXFARMA S.A. DE C.V. HOSPITAL DE LA COMUNIDAD DE LAS CHOAPAS PEDRO CORONEL PEREZ",14,-94.112203,17.9034519
"362"," LAS MARGARITAS","CHIAPAS","EXFARMA HOSPITAL BASICO COMUNITARIO LAS MARGARITAS",8,-91.976967,16.3206754
"363"," LAS MARGARITAS","CHIAPAS","FARMACIA DISUR DEL HOSPITAL BASICO COMUNITARIO LAS MARGARITAS",4,-91.976967,16.3206754
"364"," LAZARO CARDENAS","MICHOACAN DE OCAMPO","FARMACIA MEDALFA HOSPITAL GENERAL DE LAZARO CARDENAS",12,-102.210445,17.977293
"365"," LEON","GUANAJUATO","ANEXA AL HOSPITAL MEDICA CAMPESTRE",687,-101.68736,21.150167
"366"," LEON","GUANAJUATO","DIAGNOSTICO INTEGRAL Y MEDICINA MODERNA SA DE CV",212,-101.689151,21.148762
"367"," LEON","GUANAJUATO","FARMACIA DEL HOSPITAL REGIONAL DE ALTA ESP. DEL BAJIO",1839,-101.576678,21.061362
"368"," LEON","GUANAJUATO","FARMACIA HOSPITAL GENERAL DE LEON",2349,-101.6796086,21.132765
"369"," LEON","GUANAJUATO","FARMACIA LA PAZ",645,-101.6798537,21.1340349
"370"," LEON","GUANAJUATO","FARMACIAS ESPECIALIZADAS SUCURSAL LEON 3",96,-101.644137,21.104413
"371"," LEON","GUANAJUATO","FARMACIAS ESPECIALIZADAS, SUC. LEON 1",693,-101.644137,21.104413
"372"," LEON","GUANAJUATO","FARMACIAS ESPECIALIZADAS, SUC. LEON 2",1184,-101.6914574,21.1581667
"373"," LEON","GUANAJUATO","HOSPITAL ARANDA DE LA PARRA S.A. DE C.V.",786,-101.6815517,21.1262151
"374"," LEON","GUANAJUATO","HOSPITAL GENERAL LEON",134,-101.6801537,21.1326882
"375"," LEON","GUANAJUATO","HOSPITAL MEDICA BRISAS S.A. DE C.V.",4,-101.5912048,21.1088944
"376"," LEON","GUANAJUATO","OPERADORA DE HOSPITALES ANGELES S.A. DE C.V.",578,-101.7005498,21.1570954
"377"," LERMA","MEXICO","MEDICA MIA OPERADORA HOSPITALARIA S.A. DE C.V. (FARMACIA)",114,-99.5563281,19.2925918
"378"," LIBRES","PUEBLA","INTERCONTINENTAL DE MEDICAMENTOS, S.A. DE C.V. FARMACIA H.G. LIBRES",157,-97.6846567,19.4682032
"379"," LINARES","NUEVO LEON","BOTICA DEL HOSPITAL GENERAL DE LINARES",2,-99.5687655,24.8591825
"380"," LORETO","ZACATECAS","BOTICA DIMESA LORETO",18,-101.9890236,22.2715352
"381"," LOS CABOS","BAJA CALIFORNIA SUR","CENTRO MEDICO DE ESPECIALIDADES SAINT LUKE'S/FARMACIA",13,-109.929714,22.9080513
"382"," LOS CABOS","BAJA CALIFORNIA SUR","FARMACIA SAINT LUKES",39,-109.9296493,22.9079881
"383"," LOS MOCHIS","SINALOA","FARMACIAS ESPECIALIZADAS, SUC. LOS MOCHIS",7,-108.990205,25.803755
"384"," MALINALCO","MEXICO","FARMACIA MEDALFA DEL HOSPITAL MUNICIPAL MALINALCO",5,-99.4935798,18.9483917
"385"," MANZANILLO","COLIMA","FARMACIA DEL HOSPITAL GENERAL DE MANZANILLO",102,-104.327771,19.1157178
"386"," MANZANILLO","COLIMA","FARMACIA H. G. Z. NO. 10",86,-104.3254845,19.1147262
"387"," MANZANILLO","COLIMA","FARMACIA LA PAZ",21,-104.3416398,19.1138192
"388"," MATAMOROS","TAMAULIPAS","CENTRO MEDICO INTERNACIONAL",55,-97.5018404,25.8473968
"389"," MATAMOROS","TAMAULIPAS","FARMACIA LA PAZ",32,-97.4962575,25.869907
"390"," MATAMOROS","TAMAULIPAS","UNIDAD DE MEDICINA FAMILIAR NO.79",14,-97.5037664,25.8731522
"391"," MAZATLAN","SINALOA","FARMACIA LA PAZ",319,-106.4419618,23.24374
"392"," MAZATLAN","SINALOA","FARMACIAS ESPECIALIZADAS, SUC. MAZATLAN",589,-106.440152,23.245262
"393"," MAZATLAN","SINALOA","HOSPITAL GENERAL DE ZONA/UMF N0.3",245,-106.4241431,23.2335508
"394"," MECAYAPAN","VERACRUZ DE IGNACIO DE LA LLAVE","FARMACIA EXFARMA, S.A. DE C.V. HOSPITAL INTEGRAL DE TONALAPAN",15,-94.7916537,18.1480848
"395"," MERIDA","YUCATAN","BENEFACTORA LA ESPERANZA",154,-89.6315604,20.9778034
"396"," MERIDA","YUCATAN","BOTICA CLINICA DE MERIDA",188,-89.6387765,20.9863934
"397"," MERIDA","YUCATAN","BOTICA INTRAHOSPITALARIA DE LA CLINICA MARIA JOSE",26,-89.6181761,20.9713945
"398"," MERIDA","YUCATAN","BOTICA INTRAHOSPITALARIA MEDSUR S. DE R. L.",731,-89.6173109,20.980111
"399"," MERIDA","YUCATAN","DIFASA ELITE",983,-89.5859459,21.0200873
"400"," MERIDA","YUCATAN","FARMACIA CENTRO MEDICO PENSIONES",59,-89.6382967,20.9954149
"401"," MERIDA","YUCATAN","FARMACIA CLINICA DE MERIDA",85,-89.6387765,20.9863934
"402"," MERIDA","YUCATAN","FARMACIA DEL HOSPITAL MATERNO INFANTIL",1,-89.6436299,20.9036837
"403"," MERIDA","YUCATAN","FARMACIA DEL HOSPITAL O'HORAN",874,-89.6411157,20.9743301
"404"," MERIDA","YUCATAN","FARMACIA INSTITUTO MEDICO PANAMERICANO",690,-89.6312871,20.9975172
"405"," MERIDA","YUCATAN","FARMACIA LA PAZ",115,-89.640353,20.9766349
"406"," MERIDA","YUCATAN","FARMACIA STAR MEDICA",448,-89.5855159,21.0163924
"407"," MERIDA","YUCATAN","FARMACIA TELEFONICA PENINSULAR S.A. DE C.V.",239,-89.5783965,21.0199728
"408"," MERIDA","YUCATAN","FARMACIA UMAE ESPECIALIDADES IGNACIO GARCIA TELLEZ",1474,-89.6026327,20.9790686
"409"," MERIDA","YUCATAN","FARMACIAS ESPECIALIZADAS, SUC. MERIDA 1",1259,-89.620297,20.986321
"410"," MERIDA","YUCATAN","FARMACIAS ESPECIALIZADAS, SUC. MERIDA 2",507,-89.620297,20.986321
"411"," MERIDA","YUCATAN","FARMAICA I.S.S.S.T.E",1074,-89.6418416,20.9982797
"412"," MERIDA","YUCATAN","MEDSUR S. DE R.L.",78,-89.6173109,20.980111
"413"," METEPEC","MEXICO","BOTICA CENTRO MEDICO ISSEMYM",1023,-99.5945927,19.278509
"414"," METEPEC","MEXICO","FARMACIAS ESPECIALIZADAS, SUC. TOLUCA 2",335,-99.61492,19.257565
"415"," MEXICALI","BAJA CALIFORNIA","CLINICA INTEGRAL DE TRATAMIENTO CONTRA LAS ADICCIONES, S.A. DE C.V.",9737,-115.4994989,32.6614112
"416"," MEXICALI","BAJA CALIFORNIA","FARMACIA INTERNA DEL HOSPITAL GENERAL MEXICALI",358,-115.4770342,32.6657204
"417"," MEXICALI","BAJA CALIFORNIA","FARMACIA LA PAZ",68,-115.4746479,32.6456576
"418"," MEXICALI","BAJA CALIFORNIA","FARMACIA LA PAZ.",838,-115.4746479,32.6456576
"419"," MEXICALI","BAJA CALIFORNIA","FARMACIAS ESPECIALIZADAS, SUC. MEXICALI",1667,-115.4753453,32.6639609
"420"," MEXICALI","BAJA CALIFORNIA","PROFESIONALES CONTRA LA ADICCION S.A. DE C.V.",12035,-115.4856106,32.664763
"421"," MEXICALI","BAJA CALIFORNIA","PROFESIONALES CONTRA LA ADICCION, S.A. DE C.V.",7270,-115.4856106,32.664763
"422"," MEXICALI","BAJA CALIFORNIA","SERVICIOS FARMACEUTICOS INTEGRALES",2272,-115.458542,32.6641294
"423"," MIGUEL ALEMAN","TAMAULIPAS","INTERCONTINENTAL DE MEDICAMENTOS S.A. DE C.V. FARMACIA HOSPITAL INTEGRAL MIGUEL ALEMAN.",1,-99.0707548,26.3891597
"424"," MIGUEL HIDALGO","CIUDAD DE MEXICO","FARMACIA DE ALTA ESPECIALIDAD DEL HOSPITAL CENTRAL MILITAR (PRIMER PISO)",3759,-99.216054,19.4373709
"425"," MIGUEL HIDALGO","CIUDAD DE MEXICO","FARMACIA DEL CENTRO HOSPITALARIO DEL ESTADO MAYOR PRESIDENCIAL",168,-99.1908694,19.4099418
"426"," MIGUEL HIDALGO","CIUDAD DE MEXICO","FARMACIA DEL HOSPITAL GENERAL TACUBA",22,-99.1532714,19.4135379
"427"," MIGUEL HIDALGO","CIUDAD DE MEXICO","FARMACIA DEL HOSPITAL MILITAR DE ESPECIALIDADES DE LA MUJER Y NEONATOLOGIA",136,-99.2185584,19.4391094
"428"," MIGUEL HIDALGO","CIUDAD DE MEXICO","FARMACIA DIMESA INSTITUTO NACIONAL DE PERINATOLOGIA",613,-99.2058444,19.4229412
"429"," MIGUEL HIDALGO","CIUDAD DE MEXICO","FARMACIA LA PAZ",351,-99.1936575,19.4359542
"430"," MIGUEL HIDALGO","CIUDAD DE MEXICO","FARMACIA SAN PABLO SUCURSAL EJERCITO NACIONAL",142,-99.2052066,19.4381807
"431"," MIGUEL HIDALGO","CIUDAD DE MEXICO","FARMACIA SAN PABLO SUCURSAL HOMERO",110,-99.1901332,19.4358769
"432"," MIGUEL HIDALGO","CIUDAD DE MEXICO","FARMACIA SOCIEDAD DE BENEFICENCIA ESPANOLA I.A.P.",1660,-99.1885208,19.4409348
"433"," MIGUEL HIDALGO","CIUDAD DE MEXICO","FARMACIA SPORTS CLINIC LOMAS",33,-99.2057938,19.4273178
"434"," MIGUEL HIDALGO","CIUDAD DE MEXICO","FARMACIAS ESPECIALIZADAS SUCURSAL PRADO NORTE",258,-99.2102003,19.4274474
"435"," MIGUEL HIDALGO","CIUDAD DE MEXICO","FARMACIAS ESPECIALIZADAS, SUC. ESCANDON",1031,-99.172893,19.400604
"436"," MIGUEL HIDALGO","CIUDAD DE MEXICO","FARMACIAS ESPECIALIZADAS, SUCURSAL POLANCO",542,-99.1937774,19.4354429
"437"," MIGUEL HIDALGO","CIUDAD DE MEXICO","HOSPITAL DE LA MUJER",193,-99.1708891,19.4516499
"438"," MIGUEL HIDALGO","CIUDAD DE MEXICO","HOSPITAL ESCANDON",1,-99.1909518,19.4021226
"439"," MIGUEL HIDALGO","CIUDAD DE MEXICO","OPERADORA DE HOSPITALES ANGELES S.A. DE C.V.",763,-99.1726292,19.3998155
"440"," MIGUEL HIDALGO","CIUDAD DE MEXICO","OPERADORA DE HOSPITALES ANGELES, S.A. DE C.V.",1071,-99.1726292,19.3998155
"441"," MINATITLAN","VERACRUZ DE IGNACIO DE LA LLAVE","FARMACIA ALOPATICA HOSPITAL REGIONAL MINATITLAN",409,-94.5417041,18.004572
"442"," MINATITLAN","VERACRUZ DE IGNACIO DE LA LLAVE","FARMACIA EXFARMA, S.A. DE C.V. HOSPITAL CIVIL DE MINATITLAN",11,-94.5616448,17.9892878
"443"," MONTEMORELOS","NUEVO LEON","FARMACIA DEL HOSPITAL DE LA CARLOTA",53,-99.8421621,25.1946024
"444"," MONTERREY","NUEVO LEON","ALTA ESPECIALIDAD INTERNACIONAL S.A DE C.V.",240,-100.350412,25.677172
"445"," MONTERREY","NUEVO LEON","BOTICA - HOSPITAL GENERAL DE CERRALVO",98,-99.6038147,26.0837674
"446"," MONTERREY","NUEVO LEON","BOTICA CLINICA HOSPITAL SECCION 50",330,-100.3213827,25.674755
"447"," MONTERREY","NUEVO LEON","BOTICA DE LA CLINICA HOSPITAL CONSTOTUCION",26,-100.350598,25.6681176
"448"," MONTERREY","NUEVO LEON","BOTICA DEL PARQUE",629,-100.3188628,25.669071
"449"," MONTERREY","NUEVO LEON","CENTRO DE ESPECIALIDADES MEDICAS Y CIRUGIA AMBULATORIA, S.A. DE C.V. / BOTICA",514,-100.3509869,25.6754789
"450"," MONTERREY","NUEVO LEON","CENTRO MEDICO Y QUIRURGICO SAN BERNABE, S.A. DE C.V.",52,-100.3735946,25.7677775
"451"," MONTERREY","NUEVO LEON","CHRISTUS MUGUERZA HOSPITAL ALTA ESPECIALIDAD",2090,-100.348336,25.6733274
"452"," MONTERREY","NUEVO LEON","CHRISTUS MUGUERZA HOSPITAL CONCHITA",1534,-100.3205454,25.6716046
"453"," MONTERREY","NUEVO LEON","DOCTORS HOSPITAL",2894,-100.3561111,25.6847222
"454"," MONTERREY","NUEVO LEON","DR. PIN FARMACIAS",121,-100.2795298,25.6419321
"455"," MONTERREY","NUEVO LEON","DROGUERIA/CLINICA CUAUHTEMOC Y FAMOSA",885,-100.3118162,25.6987131
"456"," MONTERREY","NUEVO LEON","FARMACIA CHRISTUS MUGUEREZA CLINICA VIDRIERA",145,-100.3485303,25.6735502
"457"," MONTERREY","NUEVO LEON","FARMACIA CHRISTUS MUGUERZA CLINICA VIDRIERA",309,-100.308217,25.687282
"458"," MONTERREY","NUEVO LEON","FARMACIA CHRISTUS MUGUERZA SUR, SOTANO",1186,-100.3485303,25.6735502
"459"," MONTERREY","NUEVO LEON","FARMACIA CONTROL DE CLINICAS S.C",68,-100.2928008,25.6950573
"460"," MONTERREY","NUEVO LEON","FARMACIA DE ALTA ESPECIALIDAD CMA S.A DE C.V/ FARMACIA AVE",302,-100.364899,25.700756
"461"," MONTERREY","NUEVO LEON","FARMACIA DEL HOSPITAL UNIVERSITARIO",3794,-100.3500984,25.6887861
"462"," MONTERREY","NUEVO LEON","FARMACIA DEMSA",6,-100.3491974,25.6731735
"463"," MONTERREY","NUEVO LEON","FARMACIA DEMSA SUCURSAL MUGUERZA",7,-100.3491974,25.6731735
"464"," MONTERREY","NUEVO LEON","FARMACIA LA PAZ",2747,-100.347659,25.6724941
"465"," MONTERREY","NUEVO LEON","FARMACIA LABSCO PROMEDIC",10,-100.3426093,25.7174257
"466"," MONTERREY","NUEVO LEON","FARMACIA PERSONALIZADA",5,-100.3526424,25.668387
"467"," MONTERREY","NUEVO LEON","FARMACIA SAN FELIPE",2444,-100.3443112,25.717013
"468"," MONTERREY","NUEVO LEON","FARMACIAS ESPECIALIZADAS, SUC. MONTERREY 1",48,-100.356475,25.684704
"469"," MONTERREY","NUEVO LEON","FARMACIAS ESPECIALIZADAS, SUC. MONTERREY 3",1670,-100.350392,25.669065
"470"," MONTERREY","NUEVO LEON","FARMACIAS ESPECIALIZADAS, SUC. MONTERREY 4",440,-100.350392,25.669065
"471"," MONTERREY","NUEVO LEON","FARMACIAS ESPECIALIZADAS, SUCURSAL MONTERREY 6",8,-100.350392,25.669065
"472"," MONTERREY","NUEVO LEON","FARMACOS ESPECIALIZADOS SA DE CV",323,-100.3502719,25.6690514
"473"," MONTERREY","NUEVO LEON","FUNDACION SANTOS Y DE LA GARZA EVIA IBP",3002,-100.3515484,25.6684449
"474"," MONTERREY","NUEVO LEON","HOSPITAL DE GINECOLOGIA Y OBSTETRICIA,S.A. DE C.V.",1503,-100.342923,25.6710617
"475"," MONTERREY","NUEVO LEON","HOSPITAL DE TRAUMATOLOGIA Y ORTOPEDIA NO. 21 BOTICA",1563,-100.3200146,25.6717544
"476"," MONTERREY","NUEVO LEON","HOSPITAL REGIONAL ISSSTE MONTERREY",239,-100.3595381,25.7090903
"477"," MONTERREY","NUEVO LEON","HOSPITAL SAN LUCAS DE MONTERREY S.A. DE C.V.",57,-100.3502509,25.668185
"478"," MONTERREY","NUEVO LEON","HOSPITAL Y CLINICA OCA SA DE CV",1846,-100.3102977,25.6799472
"479"," MONTERREY","NUEVO LEON","MONTERREY CUMBRES HISA FARMACEUTICA",124,-100.3784851,25.7124983
"480"," MONTERREY","NUEVO LEON","OPERADORA DE HOSPITALES ANGELES, SA DE CV",1121,-100.3201372,25.6456253
"481"," MONTERREY","NUEVO LEON","SERVICIOS DE ONCOLOGIA MEDICA INTEGRAL, S.A. DE C.V.",5,-100.3711796,25.6534489
"482"," MONTERREY","NUEVO LEON","SWISS HOSPITAL SAPI CV",653,-100.3702353,25.6724833
"483"," MONTERREY","NUEVO LEON","UNIDAD DE ESPECIALIDAD MEDICA PEDIATRICA",5,-100.3504782,25.7161148
"484"," MONTERREY","NUEVO LEON","UNIDAD MEDICA DE ALTA ESPECIALIDAD, HOSPITAL DE CARDIOLOGIA NO.34",267,-100.3694841,25.7283111
"485"," MORELIA","MICHOACAN DE OCAMPO","BOTICA HOSPITAL DE NUESTRA SENORA DE LA SALUD A. C.",21,-101.1929448,19.7053091
"486"," MORELIA","MICHOACAN DE OCAMPO","FARMACIA LA PAZ",449,-101.1851333,19.7000032
"487"," MORELIA","MICHOACAN DE OCAMPO","FARMACIA MEDALFA CETNRO ESTATAL DE ATENCION ONCOLOGICA",5,-101.1948476,19.7008954
"488"," MORELIA","MICHOACAN DE OCAMPO","FARMACIA MEDALFA HOSPITAL GENERAL DE LA MUJER",7,-101.1544543,19.6924935
"489"," MORELIA","MICHOACAN DE OCAMPO","FARMACIA MEDALFA HOSPITAL GENERAL DR. MIGUEL SILVA",74,-101.1835815,19.6996107
"490"," MORELIA","MICHOACAN DE OCAMPO","FARMACIA Y DROGUERIA LA POPULAR VALLADOLID S.A. DE C.V.",631,-101.1730558,19.700069
"491"," MORELIA","MICHOACAN DE OCAMPO","FARMACIAS ESPECIALIZADAS SUCURSAL MORELIA 1",1445,-101.1829935,19.6940996
"492"," MORELIA","MICHOACAN DE OCAMPO","LA LUZ",7,-101.3860171,19.7297989
"493"," MORELIA","MICHOACAN DE OCAMPO","STAR MEDICA",163,-101.1917155,19.6827833
"494"," MOROLEON","GUANAJUATO","BOTICA DIMESA ANEXA A HOSPITAL COMUNITARIO MOROLEON",12,-101.2230871,20.138007
"495"," MOROLEON","GUANAJUATO","HOSPITAL COMUNITARIO MOROLEON",98,-101.2230871,20.138007
"496"," NANCHITAL DE LAZARO CARDENAS DEL RIO","VERACRUZ DE IGNACIO DE LA LLAVE","FARMACIA ALOPATICA PETROLEOS MEXICANOS HOSPITAL GENERAL",7,-94.4088801,18.0594709
"497"," NAOLINCO","VERACRUZ DE IGNACIO DE LA LLAVE","FARMACIA EXFARMA, S.A. DE C.V. HOSPITAL DE LA COMUNIDAD DE NAOLINCO",5,-96.8684398,19.6624594
"498"," NAOLINCO","VERACRUZ DE IGNACIO DE LA LLAVE","HOSPITAL DE LA COMUNIDAD DE NAOLINCO",32,-96.8684398,19.6624594
"499"," NAUCALPAN","MEXICO","CORPORATIVO HOSPITAL SATELITE S.A. DE C.V.",604,-99.2377379,19.5134446
"500"," NAUCALPAN DE JUAREZ","MEXICO","BOTICA STAR MEDICA, S.A. DE C.V.",364,-99.2506945,19.4989633
"501"," NAUCALPAN DE JUAREZ","MEXICO","FARMACIA DENTRO DEL HOSPITAL MAXIMILIANO RUIZ CASTANEDA",45,-99.234327,19.4684674
"502"," NAUCALPAN DE JUAREZ","MEXICO","FARMACIA LA PAZ",328,-99.2309081,19.5134695
"503"," NAUCALPAN DE JUAREZ","MEXICO","FARMACIA SAN PABLO SUCURSAL SATELITE CENTRO",54,-99.2330351,19.5080679
"504"," NAUCALPAN DE JUAREZ","MEXICO","FARMACIAS ESPECIALIZADAS, SUC. FUENTES DE SATELITE",127,-99.251934,19.518836
"505"," NAUCALPAN DE JUAREZ","MEXICO","FARMACIAS ESPECIALIZADAS, SUC. SATELITE",768,-99.231892,19.513046
"506"," NAUCALPAN DE JUAREZ","MEXICO","HOSPITAL CQS S.A. DE C.V.",137,-99.2342703,19.5069248
"507"," NAUCALPAN DE JUAREZ","MEXICO","HOSPITAL ESPECIALIZADO MEXIQUENSE DE SALUD VISUAL DR. MANUEL URIBE Y TRONCOSO",26,-99.2392212,19.4702275
"508"," NAUCALPAN DE JUAREZ","MEXICO","HOSPITAL GENERAL NAUCALPAN DR. MAXIMILIANO RUIZ CASTANEDA FARMACIA",200,-99.234327,19.4684674
"509"," NAUCALPAN DE JUAREZ","MEXICO","IMEDICS CLINICS S.A.P.I. DE C.V.",135,-99.2613539,19.5121816
"510"," NAUCALPAN DE JUAREZ","MEXICO","OPERADORA DE HOSPITALES MAG MEDICAL, S.A. DE C.V.",51,-99.2325096,19.5123397
"511"," NAUCALPAN DE JUAREZ","MEXICO","ROJAS ROJAS LUIS",242,-99.2502802,19.4838714
"512"," NAVOJOA","SONORA","BOTICA DEL HOSPITAL REGIONAL DE NAVOJOA",46,-109.4437493,27.0727573
"513"," NEZAHUALCOYOTL","MEXICO","BOTICA DEL HOSPITAL GENERAL GUSTAVO BAZ PRADA",103,-99.0149242,19.4220608
"514"," NEZAHUALCOYOTL","MEXICO","FARMACIA LA PAZ",40,-98.9941596,19.3832527
"515"," NEZAHUALCOYOTL","MEXICO","FARMACIA VIVO",142,-98.9987227,19.397212
"516"," NEZAHUALCOYOTL","MEXICO","JOSE EDUARDO RIVERA AYALA (FARMACIA JOSE DEL PILAR)",1,-99.0537422,19.3995061
"517"," NOGALES","SONORA","ASISTENCIA MEDICA CONTRA LA ADICCION S DE RL DE CV",8,-110.9394869,31.3176485
"518"," NOGALES","SONORA","ASISTENCIA MEDICA CONTRA LA ADICCION S. DE R. L. DE C. V.",5280,-110.9394869,31.3176485
"519"," NOGALES","SONORA","FARMACIAS ESPECIALIZADAS, SUC. NOGALES",551,-110.9469832,31.3192589
"520"," NUEVO LAREDO","TAMAULIPAS","CLINICA INTEGRAL DE TRATAMIENTO CONTRA LAS ADICCIONES, S.A. DE C.V.",3244,-99.5067535,27.4961035
"521"," OAXACA DE JUAREZ","OAXACA","FARMACIA ESPECIALIZADA PARIS",540,-96.719359,17.079485
"522"," OAXACA DE JUAREZ","OAXACA","FARMACIA LA PAZ",690,-96.7188334,17.0813229
"523"," OAXACA DE JUAREZ","OAXACA","FARMACIAS ESPECIALIZADAS, SUC. OAXACA 1",1402,-96.719359,17.079485
"524"," OAXACA DE JUAREZ","OAXACA","HOSPITAL GENERAL ""DR. AURELIO VALDIVIESO""",206,-96.7185097,17.0820586
"525"," OCOSINGO","CHIAPAS","EXAFARMA HOSPITAL BASICO COMUNITARIO OCOSINGO",1,-92.0630118,16.8968997
"526"," OCUITUCO","MORELOS","FARMACIA VANTAGE HC OCUITUCO",10,-98.7739324,18.8776584
"527"," OJOCALIENTE","ZACATECAS","BOTICA DIMESA OJOCALIENTE",5,-102.2546666,22.5706028
"528"," ORIZABA","VERACRUZ DE IGNACIO DE LA LLAVE","CORPORACION MEDICA DEL SURESTE, S.C.",23,-97.1051532,18.8609393
"529"," OTHON P. BLANCO","QUINTANA ROO","FARMACIA CLINICA CAMPESTRE",179,-88.31345,18.50979
"530"," OTHON P. BLANCO","QUINTANA ROO","FARMACIA DE DIOS",106,-88.3061238,18.5077504
"531"," OTHON P. BLANCO","QUINTANA ROO","FARMACIA HOSPITAL GENERAL DE CHETUMAL",48,-88.304348,18.5172573
"532"," PABELLON DE ARTEAGA","AGUASCALIENTES","FARMACIA INTRAHOSPITALARIA",8,-102.2781417,22.1444051
"533"," PACHUCA DE SOTO","HIDALGO","FARMACIA DE LA SOCIEDAD ESPANOLA DE BENEFICENCIA",224,-98.7425184,20.1191285
"534"," PACHUCA DE SOTO","HIDALGO","FARMACIA FARMADESCUENTO, S.A. DE C.V.",20,-98.7355597,20.1241716
"535"," PACHUCA DE SOTO","HIDALGO","FARMACIA JUAN PABLO",436,-98.7737192,20.1098008
"536"," PACHUCA DE SOTO","HIDALGO","FARMACIA LA PAZ",557,-98.7270521,20.1113664
"537"," PACHUCA DE SOTO","HIDALGO","FARMACIA MEDICA DE ESPECIALIDADES",2,-98.6726526,20.1377532
"538"," PACHUCA DE SOTO","HIDALGO","FARMACIA MEYPRE SUR",175,-98.7731943,20.0579345
"539"," PACHUCA DE SOTO","HIDALGO","FARMACIAS ESPECIALIZADAS, SUC. PACHUCA",581,-98.739552,20.118486
"540"," PACHUCA DE SOTO","HIDALGO","HOSPITAL DEL NINO DIF",328,-98.7765553,20.0784803
"541"," PAHUATLAN","PUEBLA","INTERCONTINENTAL DE MEDICAMENTOS, S.A. DE C.V. FARMACIA H.I. PAHUATLAN",15,-98.1501609,20.2769343
"542"," PATZCUARO","MICHOACAN DE OCAMPO","FARMACIA MEDALFA HOSPITAL GENERAL DE PATZCUARO",29,NA,NA
"543"," PENJAMO","GUANAJUATO","BOTICA DIMESA ANEXA AL HOSPITAL GENERAL PENJAMO",16,-101.7070448,20.4336339
"544"," PEROTE","VERACRUZ DE IGNACIO DE LA LLAVE","FARMACIA EXFARMA, S.A. DE C.V. HOSPITAL GENERAL DE PEROTE",17,-97.2447423,19.5600212
"545"," PEROTE","VERACRUZ DE IGNACIO DE LA LLAVE","HOSPITAL GENERAL PEROTE",25,-97.2447423,19.5600212
"546"," PIEDRAS NEGRAS","COAHUILA DE ZARAGOZA","ENDOBARIATRIC S.C.",34,NA,NA
"547"," PIEDRAS NEGRAS","COAHUILA DE ZARAGOZA","FARMACIA CLINICA Y FARMACIA MEXICO",79,-100.515363,28.7037505
"548"," PIEDRAS NEGRAS","COAHUILA DE ZARAGOZA","FARMACIA DE ESPECIALISTAS",56,-100.515363,28.7037505
"549"," PIEDRAS NEGRAS","COAHUILA DE ZARAGOZA","FARMACIA DEL INSTITUTO DEL SEGURO SOCIAL",2,-100.5465424,28.6758575
"550"," PLATON SANCHEZ","VERACRUZ DE IGNACIO DE LA LLAVE","EXFARMA, S.A. DE C.V. UNEME DE PLATON SANCHEZ",1,-98.3552276,21.2727992
"551"," PLAYAS DE ROSARITO","BAJA CALIFORNIA","MEDICIS S.C.",54,-117.0568906,32.3477635
"552"," POZA RICA DE HIDALGO","VERACRUZ DE IGNACIO DE LA LLAVE","EXFARMA, S.A. DE C.V. HOSPITAL REGIONAL POZA RICA DE HIDALGO",4,-97.4391722,20.5544227
"553"," POZA RICA DE HIDALGO","VERACRUZ DE IGNACIO DE LA LLAVE","FARMACIA ALOPATICA DEL HOSPITAL REGIONAL",679,-97.4391722,20.5544227
"554"," POZA RICA DE HIDALGO","VERACRUZ DE IGNACIO DE LA LLAVE","FARMACIA LA PAZ",183,-97.4395223,20.5531165
"555"," POZA RICA DE HIDALGO","VERACRUZ DE IGNACIO DE LA LLAVE","HOSPITAL REGIONAL POZA RICA DE HIDALGO",20,-97.4391722,20.5544227
"556"," PUEBLA","PUEBLA","CHRISTUS MUGUERZA SISTEMAS HOSPITALARIOS, S.A. DE C.V. SUC. HOSPITAL BETANIA",9,-98.1882063,19.0341485
"557"," PUEBLA","PUEBLA","CHRISTUS MUGUERZA SISTEMAS HOSPITALARIOS, S.A. DE C.V. SUC. PUEBLA",243,-98.1882063,19.0341485
"558"," PUEBLA","PUEBLA","FARMACIA ALEXANDER FLEMING SUC. AREA DE SALUD",4775,-98.2416102,19.022071
"559"," PUEBLA","PUEBLA","FARMACIA CLINICA DERMATOLOGICA",73,-98.2498979,19.0589936
"560"," PUEBLA","PUEBLA","FARMACIA DEL HOSPITAL REGIONAL ISSSTE PUEBLA",440,-98.1990622,19.0206432
"561"," PUEBLA","PUEBLA","FARMACIA HOSPITAL PUEBLA",577,-98.2288444,19.030154
"562"," PUEBLA","PUEBLA","FARMACIA ISSSTEP 1",3350,-98.2019596,19.0228356
"563"," PUEBLA","PUEBLA","FARMACIA LA PAZ",25,-98.2120289,19.0386008
"564"," PUEBLA","PUEBLA","FARMACIA UNIDAD HOSPITALARIA LA PAZ, S.A. DE C.V.",56,-98.2260647,19.0588209
"565"," PUEBLA","PUEBLA","FARMACIAS ESPECIALIZADAS SUCURSAL PUEBLA 2",420,-98.190342,19.034181
"566"," PUEBLA","PUEBLA","FARMACIAS ESPECIALIZADAS SUCURSAL PUEBLA1",1297,-98.212955,19.03922
"567"," PUEBLA","PUEBLA","FARMACOS ESPECIALIZADOS SA DE CV",426,-98.1903098,19.0342137
"568"," PUEBLA","PUEBLA","INTERCONTINENTAL DE MEDICAMENTOS FARMACIA H. DE LA MUJER",298,-98.1944907,19.0373062
"569"," PUEBLA","PUEBLA","INTERCONTINENTAL DE MEDICAMENTOS, S.A. DE C.V. - FARMACIA HOSPITAL DE TRAUMATOLOGIA Y ORTOPEDIA - DR Y GRAL. RAFAEL MORENO VALLE",952,-98.1986862,19.0866642
"570"," PUEBLA","PUEBLA","INTERCONTINENTAL DE MEDICAMENTOS, S.A. DE C.V. FARMACIA H.G. DEL NORTE",664,-98.1944907,19.0373062
"571"," PUEBLA","PUEBLA","INTERCONTINENTAL DE MEDICAMENTOS, S.A. DE C.V. FARMACIA HOSPITAL GENERAL DR. EDUARDO VAZQUEZ NAVARRO",1045,-98.2417164,18.9861397
"572"," PUEBLA","PUEBLA","SOCIEDAD ESPANOLA DE BENEFICENCIA DE PUEBLO",370,-98.2102897,19.0558765
"573"," PUENTE DE IXTLA","MORELOS","FARMACIA VANTAGE HC PUENTE DE IXTLA DR. FERNANDO R. VIZCARRA",4,-99.3264965,18.6159104
"574"," PUERTO VALLARTA","JALISCO","FARMACIA ESPECIALIZADA LA PAZ/ COL. VILLA LAS FLORES, PTO. VALLARTA, JAL.",828,-105.2481521,20.6685843
"575"," PUERTO VALLARTA","JALISCO","FARMACIA HOSPITAL SANJAVIER, S.A. DE C.V.",184,-105.2403811,20.6522341
"576"," PUERTO VALLARTA","JALISCO","FARMACIA LA PAZ",47,-105.2481521,20.6685843
"577"," PURUANDIRO","MICHOACAN DE OCAMPO","FARMACIA DISUR DEL HOSPITAL GENERAL PURUANDIRO",3,-101.5154265,20.0885405
"578"," QUERETARO","QUERETARO DE ARTEAGA","CENTRO ONCOLOGICO Y DE RADIOTERAPIA SAPI DE CV",7,-100.406075,20.578788
"579"," QUERETARO","QUERETARO DE ARTEAGA","DISTRIBUIDORA FARMACEUTICA STA MARIA S.A DE C.V.",214,-100.3967754,20.5836273
"580"," QUERETARO","QUERETARO DE ARTEAGA","DISTRIBUIDORA FARMACEUTICA STA. MARIA, S.A. DE C.V.",1097,-100.3967754,20.5836273
"581"," QUERETARO","QUERETARO DE ARTEAGA","FARMACIA",446,-100.38622,20.6092668
"582"," QUERETARO","QUERETARO DE ARTEAGA","FARMACIA FARMACOS ESPECIALIZADOS, S.A. DE C.V.",2091,-100.400632,20.58392
"583"," QUERETARO","QUERETARO DE ARTEAGA","FARMACIA LA PAZ",174,-100.4084926,20.5812204
"584"," QUERETARO","QUERETARO DE ARTEAGA","FARMACIA SAN PABLO SUCURSAL ZARAGOZA",4,-100.4052167,20.5842258
"585"," QUERETARO","QUERETARO DE ARTEAGA","FARMACIAS ESPECIALIZADAS SUCURSAL QUERETARO HITO",14,-100.3849852,20.6225975
"586"," QUERETARO","QUERETARO DE ARTEAGA","HOSPITAL INFANTIL TELETON DE ONCOLOGIA/BOTICA",182,-100.3847354,20.6231374
"587"," QUERETARO","QUERETARO DE ARTEAGA","HOSPITAL STAR MEDICA (FARMACIA)",208,-100.4073832,20.6172867
"588"," QUERETARO","QUERETARO DE ARTEAGA","HOSPITAL STAR MEDICA QUERETARO (FARMACIA)",338,-100.4073832,20.6172867
"589"," QUERETARO","QUERETARO DE ARTEAGA","MEDICA TEC 100, S.A DE C.V.",540,-100.4004773,20.5831065
"590"," QUERETARO","QUERETARO DE ARTEAGA","OPERADORA DE HOSPITALES ANGELES S.A. DE C.V.",985,-100.4166441,20.5808826
"591"," QUERETARO","QUERETARO DE ARTEAGA","UNIDAD MEDICA DE ATENCION AMBULATORIA",2260,-100.3999342,20.5719643
"592"," QUIROGA","MICHOACAN DE OCAMPO","FARMACIA GRUMEQ",10,-101.522781,19.664483
"593"," REYNOSA","TAMAULIPAS","CHRISTUS MUGUERZA SISTEMAS HOSPITALARIOS, S.A. DE C.V.",287,-98.329962,26.1105196
"594"," REYNOSA","TAMAULIPAS","FARMACIA LA PAZ",2,-98.2965611,26.0566616
"595"," REYNOSA","TAMAULIPAS","FARMACIA NORESTE SQS",161,-98.2971132,26.0560022
"596"," REYNOSA","TAMAULIPAS","FARMACIAS ESPECIALIZADAS, SUC. REYNOSA",76,-98.2817864,26.0896385
"597"," REYNOSA","TAMAULIPAS","HOSPITAL DE ESPECIALIDADES SANTANDER S.A. DE C.V.",20,-98.273253,26.0879097
"598"," RINCON DE ROMOS","AGUASCALIENTES","HOSPITAL DE RINCON DE ROMOS",59,-102.321334,22.2248086
"599"," ROMITA","GUANAJUATO","FARMACIA HOSPITAL COMUNITARIO ROMITA",4,-101.522551,20.872702
"600"," SABINAS HIDALGO","NUEVO LEON","BOTICA DEL HOSP. GRAL. VIRGINIA AYALA DE GARZA",237,-100.1729852,26.4964432
"601"," SALAMANCA","GUANAJUATO","ANEXA AL HOSPITAL GENERAL DE SALAMANCA",23,-101.2192595,20.5909204
"602"," SALAMANCA","GUANAJUATO","BOTICA DIMESA ANEXA A HOSPITAL GENERAL SALAMANCA",18,-101.1975659,20.5815897
"603"," SALAMANCA","GUANAJUATO","CENTRO ESTATAL DE CUIDADOS CRITICOS",50,-101.1974743,20.5817423
"604"," SALAMANCA","GUANAJUATO","FARMACIA PEMEX",414,-101.1912886,20.5781267
"605"," SALINA CRUZ","OAXACA","FARMACIA DEL HOSPITAL GENERA PEMEX SALINA CRUZ",80,-95.1930729,16.2018324
"606"," SALINA CRUZ","OAXACA","FARMACIA DISUR INTERIOR GENERAL DE SALINA CRUZ",91,-95.203449,16.1993979
"607"," SALTILLO","COAHUILA DE ZARAGOZA","ALTA ESPECIALIDAD INTERNACIONAL S.A DE C.V.",1,-100.973678,25.4383234
"608"," SALTILLO","COAHUILA DE ZARAGOZA","FARMACIA CHRISTUS MUGUERZA SISTEMAS HOSPITALARIOS S.A. DE C.V. SUC. SALTILLO",585,-100.973678,25.4383234
"609"," SALTILLO","COAHUILA DE ZARAGOZA","FARMACIA LA PAZ",189,-100.9789514,25.4603095
"610"," SALTILLO","COAHUILA DE ZARAGOZA","FARMACIAS ESPECIALIZADAS SUCURSAL SALTILLO",619,-100.984594,25.457774
"611"," SALVATIERRA","GUANAJUATO","BOTICA ANEXA A HOSPITAL GENERAL SALVATIERRA",3,-100.9073525,20.2004036
"612"," SAN AGUSTIN TLAXIACA","HIDALGO","FARMACIA CEMA",101,-98.8869378,20.1149014
"613"," SAN ANDRES CHOLULA","PUEBLA","CENTRO HOSPITALARIO MAC SA DE CV",76,-98.2645128,19.0206838
"614"," SAN ANDRES CHOLULA","PUEBLA","FARMACIA H.G. SAN ANDRES CHOLULA",111,-98.296312,19.062228
"615"," SAN ANDRES CHOLULA","PUEBLA","INTERCONTINENTAL DE MEDICAMENTOS FARMACIA H.G. SAN ANDRES CHOLULA",130,-98.2949146,19.059957
"616"," SAN ANDRES CHOLULA","PUEBLA","INTERCONTINENTAL DE MEDICAMENTOS S.A. DE C.V. / FARMACIA HOSPITAL PARA EL NINO POBLANO",716,-98.2442887,19.0347118
"617"," SAN BARTOLO COYOTEPEC","OAXACA","FARMACIA DEL HOSPITAL DE LA NINEZ OAXAQUENA",48,-96.7107944,16.9478443
"618"," SAN BARTOLO COYOTEPEC","OAXACA","FARMACIA DEL HOSPITAL REGIONAL DE ALTA ESPECIALIDAD DE OAXACA",420,-96.7107944,16.9478443
"619"," SAN BARTOLO COYOTEPEC","OAXACA","FARMACIA DISTRIBUIDORA INTERNACIONAL DE MEDICAMENTOS Y EQUIPO MEDICO, S.A. DE C.V.",110,-96.7107944,16.9478443
"620"," SAN CRISTOBAL DE LAS CASAS","CHIAPAS","EXAFARMA HOSPITAL GENERAL LAS CULTURAS",23,-92.6525007,16.7234373
"621"," SAN CRISTOBAL DE LAS CASAS","CHIAPAS","EXFARMA HOSPITAL GENERAL LAS CULTURAS",56,-92.6525007,16.7234373
"622"," SAN CRISTOBAL DE LAS CASAS","CHIAPAS","EXFARMA HOSPITAL GENERAL MATERNO INFANTIL SAN CRISTOBAL",12,-92.6483877,16.7372199
"623"," SAN JOSE CHIAPA","PUEBLA","INTERCONTINENTAL DE MEDICAMENTOS FARMACIA HOSPITAL INTEGRAL SAN JOSE CHAPA",1,-97.7563953,19.2483953
"624"," SAN JOSE ITURBIDE","GUANAJUATO","FARMACIA INTERCONTINENTAL DE MEDICAMENTOS / HOSPITAL GENERAL SAN JOSE ITURBIDE",64,-100.392737,20.9891162
"625"," SAN JUAN BAUTISTA TUXTEPEC","OAXACA","FARMACIA DISUR INTERIOR HOSPITAL GENERAL DE TUXTEPEC",8,-96.1350988,18.0855674
"626"," SAN LUIS DE LA PAZ","GUANAJUATO","FARMACIA HOSPITAL MATERNO SAN LUIS DE LA PAZ",34,-100.4958952,21.2793237
"627"," SAN LUIS DE LA PAZ","GUANAJUATO","HOSPITALITO DE FATIMA, A.C.",19,-100.5272605,21.2941873
"628"," SAN LUIS POTOSI","SAN LUIS POTOSI","CENTRAL QUIRURGICA AMBULATORIA SAN JOSE",73,-101.0084568,22.1474249
"629"," SAN LUIS POTOSI","SAN LUIS POTOSI","FARMACIA INTERNA DEL HOSP. DE ESP. MEDICAS DE LA SALUD",556,-100.9410309,22.1387777
"630"," SAN LUIS POTOSI","SAN LUIS POTOSI","FARMACIA INTERNA DEL HOSPITAL DEL NINO Y LA MUJER",130,-100.985797,22.1159933
"631"," SAN LUIS POTOSI","SAN LUIS POTOSI","FARMACIA INTERNA HOSPITAL GENERAL ISSSTE",728,-100.9698761,22.1404024
"632"," SAN LUIS POTOSI","SAN LUIS POTOSI","FARMACIA INTERNA HOSPITAL LOMAS DE SAN LUIS INTERNACIONAL",543,-101.0226191,22.1254658
"633"," SAN LUIS POTOSI","SAN LUIS POTOSI","FARMACIA INTRAHOSPITALARIA (HOSPITAL STAR MEDICA SAN LUIS POTOSI)",163,-100.9834218,22.1519463
"634"," SAN LUIS POTOSI","SAN LUIS POTOSI","FARMACIA INTRAHOSPITALARIA OPERADORA DE HOSPITALES ANGELES SA DE CV",296,-101.0215098,22.152672
"635"," SAN LUIS POTOSI","SAN LUIS POTOSI","FARMACIA LA PAZ",661,-101.0129786,22.1488741
"636"," SAN LUIS POTOSI","SAN LUIS POTOSI","FARMACIAS ESPECIALIZADAS SUCURSAL SAN LUIS POTOSI 2",669,-100.985011,22.150581
"637"," SAN LUIS POTOSI","SAN LUIS POTOSI","FARMACOS ESPECIALIZADOS SA DE CV",418,-100.985011,22.150581
"638"," SAN LUIS POTOSI","SAN LUIS POTOSI","MI FARMACIA MEDICA",7,-101.0140931,22.1451555
"639"," SAN LUIS RIO COLORADO","SONORA","FARMACIA CENTRO MEDICO DEL NOROESTE",4,-114.7694638,32.4748148
"640"," SAN LUIS RIO COLORADO","SONORA","FARMACIA GRUPO RICAUR",143,-114.7834269,32.4825542
"641"," SAN MARTIN TEXMELUCAN","PUEBLA","INTECONTINENTAL DE MEDICAMENTOS FARMACIA HOSPITAL INTEGRAL SAN MARTIN TEXMELUCAN",8,-98.4344637,19.2682677
"642"," SAN MIGUEL DE ALLENDE","GUANAJUATO","CENTRO HOSPITALARIO MAC S.A. DE C.V.",21,-100.7301607,20.9015502
"643"," SAN MIGUEL DE ALLENDE","GUANAJUATO","FARMACIA HOSPITAL GENERAL FELIPE G. DOBARGANES",28,-100.7198593,20.908547
"644"," SAN MIGUEL EL ALTO","JALISCO","FARMACIA DEL HOSPITAL",13,-102.40263,21.03135
"645"," SAN NICOLAS DE LOS GARZA","NUEVO LEON","CENTRO QUIRURGICO NOGALAR, S.A. DE C.V.",80,-100.2788517,25.7118292
"646"," SAN NICOLAS DE LOS GARZA","NUEVO LEON","FARMACIA LA PAZ",102,-100.2726952,25.7154353
"647"," SAN NICOLAS DE LOS GARZA","NUEVO LEON","HOSPITAL METROPOLITANO DR.BERNARDO SEPULVEDA",1230,-100.274372,25.7140788
"648"," SAN NICOLAS DE LOS GARZA","NUEVO LEON","SANTOS FARMACIAS",164,-100.2712701,25.7533918
"649"," SAN NICOLAS DE LOS GARZA","NUEVO LEON","ZANITAS CLINICA + HOSPITAL",183,-100.2423102,25.7186697
"650"," SAN PABLO HUIXTEPEC","OAXACA","FARMACIA DISUR INTERIOR HOSPITASL GENERAL",22,-96.7861479,16.8169126
"651"," SAN PEDRO GARZA GARCIA","NUEVO LEON","CENTRO MEDICO ZAMBRANO HELLION",2210,-100.3342744,25.6471033
"652"," SAN PEDRO GARZA GARCIA","NUEVO LEON","FARMACIA LA PAZ",390,-100.3692463,25.6591499
"653"," SAN PEDRO GARZA GARCIA","NUEVO LEON","FARMACIAS ESPECIALIZADAS SUCURSAL MONTERREY 5",253,-100.3702233,25.6563022
"654"," SAN PEDRO GARZA GARCIA","NUEVO LEON","FARMALGIA, S. DE R.L. DE C.V.",1164,-100.3543058,25.6503701
"655"," SAN PEDRO GARZA GARCIA","NUEVO LEON","H.S.P. SAN PEDRO HOSPITAL S.A. DE C.V.",129,-100.3687821,25.6661762
"656"," SAN PEDRO GARZA GARCIA","NUEVO LEON","SERVICIOS DE ONCOLOGIA MEDICA INTEGRAL S.A. DE C.V.",61,-100.3711796,25.6534489
"657"," SAN PEDRO MIXTEPEC - DISTR. 22 -","OAXACA","FARMACIA DEL  HOSPITAL GENERAL DE PUERTO ESCONDIDO",32,-97.0890888,15.8801409
"658"," SAN PEDRO MIXTEPEC - DISTR. 22 -","OAXACA","FARMACIA DISUR INTERIOR HOSPITAL GENERAL DE PUERTO ESCONDIDO",13,-97.0890888,15.8801409
"659"," SANTA CRUZ DE JUVENTINO ROSAS","GUANAJUATO","BOTICA ANEXA A HOSPITAL COMUNITARIO SANTA CRUZ DE JUVENTINO ROSAS",2,-100.9847992,20.6412014
"660"," SANTOS REYES NOPALA","OAXACA","FARMACIA DISUR INTERIOR HOSPITAL BASICO COMUNITARIO DE SANTOS REYES NOPALA",1,-97.1435642,16.1070581
"661"," SILAO","GUANAJUATO","FARMACIA HOSPITAL GENERAL SILAO",352,-101.42051,20.9431
"662"," SINALOA","SINALOA","HOSPITAL FATIMA S.A. DE C.V.",180,-108.9891994,25.8030685
"663"," SOLEDAD DE GRACIANO SANCHEZ","SAN LUIS POTOSI","FARMACIA INTERNA HOSPITAL GENERAL DE SOLEDAD",290,-100.9382737,22.1645739
"664"," SOLIDARIDAD","QUINTANA ROO","FARMACIA CLINICA COSTAMED",52,-87.0904431,20.6213431
"665"," TABASCO","ZACATECAS","BOTICA DIMESA TABASCO",4,-102.9130568,21.8652626
"666"," TAMAZULAPAM DEL ESPIRITU SANTO","OAXACA","FARMACIA DISUR INTERIOR HOSPITAL BASICO COMUNITARIO DE TAMAZULAPAM DEL ESPIRITU SANTO",3,-96.0644146,17.0545492
"667"," TAMPICO","TAMAULIPAS","ALSADELAC MEDICAMENTOS DE PATENTE, S. DE R.L. DE C.V.",260,-97.8514339,22.2144353
"668"," TAMPICO","TAMAULIPAS","FARMACIA BENE",68,-97.875677,22.2546999
"669"," TAMPICO","TAMAULIPAS","FARMACIAS ESPECIALIZADAS, SUC. TAMPICO",290,-97.8662149,22.2297969
"670"," TAPACHULA","CHIAPAS","DISTRIBUIDORA PM DE OCCIDENTE S.A. DE C.V",46,-92.2615828,14.9162992
"671"," TAPACHULA","CHIAPAS","EXFARMA HOSPITAL GENERAL TAPACHULA",12,-92.3184763,14.8426439
"672"," TAPACHULA","CHIAPAS","EXFARMA HOSPTIAL GENERAL TAPACHULA",9,-92.3184763,14.8426439
"673"," TAPACHULA","CHIAPAS","HOSPITAL REGIONAL DE ALTA ESPECIALIDAD CIUDAD SALUD",734,-92.3457403,14.8092723
"674"," TECAMACHALCO","PUEBLA","INTERCONTINENTAL DE MEDICAMENTOS FARMACIA H.G. TECAMACHALCO",101,-97.7327256,18.8819104
"675"," TECOMAN","COLIMA","FARMACIA DEL H.G.S.Z. Y M.F. NO.4",51,-103.8752974,18.9104727
"676"," TECOMATLAN","PUEBLA","INTERCONTINENTAL DE MEDICAMENTOS FARMACIA HOSPITAL INTEGRAL TECOMATLAN",28,-98.3135444,18.1173843
"677"," TEHUACAN","PUEBLA","FARMACIA HOSPITAL DE LA MUJER Y NEONATOLOGIA",61,-97.4396751,18.4769998
"678"," TEHUACAN","PUEBLA","INTERCONTINENTAL DE MEDICAMENTOS, S.A. DE C.V. FARMACIA H.G. TEHUACAN",58,-97.4003801,18.4665063
"679"," TEMIXCO","MORELOS","FARMACIA VANTAGE HG TEMIXCO ENF MARIA DE LA LUZ DELGADO MORALES",32,-99.2388421,18.8369844
"680"," TEMIXCO","MORELOS","FARMACIAS ARV DEL H.G. DE TEMIXCO ENF. MARIA DE LA LUZ DELGADO MORALES",4,-99.242837,18.8289279
"681"," TENANCINGO","MEXICO","FARMACIA DISUR INTRAHOSPITALARIA DEL HOSPITAL GENERAL DE TENANCINGO",4,-99.5863244,18.9613853
"682"," TENANCINGO","MEXICO","FARMACIA MEDALFA DEL HOSPITAL GENERAL TENANCINGO",13,-99.5863244,18.9613853
"683"," TEPATITLAN DE MORELOS","JALISCO","FARMACIA DEL HOSPITAL REGIONAL DE TEPATITLAN",60,-102.781706,20.8047734
"684"," TEPATITLAN DE MORELOS","JALISCO","INMOBILIARIA DEL CENTRO MEDICO ALTENO, S.A. DE C.V.",3,-102.7809894,20.8045711
"685"," TEPATITLAN DE MORELOS","JALISCO","INSTITUTO MEXICANO DEL SEGURO SOCIAL",48,-102.7455367,20.8412245
"686"," TEPEACA","PUEBLA","INTERCONTINENTAL DE MEDICAMENTOS, S.A. DE C.V. FARMACIA H.G. TEPEACA",162,-97.8993756,18.9659554
"687"," TEPIC","NAYARIT","FARMACIA",38,-104.892917,21.513772
"688"," TEPIC","NAYARIT","FARMACIA CENTRO QUIRURGICO SAN RAFAEL",177,-104.8860119,21.490498
"689"," TEPIC","NAYARIT","FARMACIA DEL CENTRO DE CIRUGIA AMBULATORIA DE CORTA ESTANCIA",13,-104.8474216,21.4792683
"690"," TEPIC","NAYARIT","FARMACIA DEL HOSPITAL GRAL. C DR AQUILES CALLES RAMIREZ",600,-104.8974966,21.5020317
"691"," TEPIC","NAYARIT","FARMACIA HOSPITAL GENERAL DE ZONA NO. I",162,-104.9097572,21.5148306
"692"," TEPIC","NAYARIT","FARMACIA LA PAZ",175,-104.8961563,21.5023372
"693"," TEPIC","NAYARIT","FARMACIAS ESPECIALIZADAS, SUC. TEPIC",940,-104.901716,21.501847
"694"," TEPIC","NAYARIT","OCP OPERADORA CLINICA DEL PACIFICO S.A. DE C.V.",109,-104.9035248,21.5087872
"695"," TETECALA","MORELOS","FARMACIA VANTAGE HG TETECALA DR RODOLFO BECERRIL DE LA PAZ",9,-99.3897777,18.7310474
"696"," TETELA DE OCAMPO","PUEBLA","INTERCONTINENTAL DE MEDICAMENTOS, S.A. DE C.V. FARMACIA H.I. TETELA DE OCAMPO",11,-97.8096037,19.8115842
"697"," TEZIUTLAN","PUEBLA","FARMACIA INTERNA DE POLICLINICA OPTIMA",82,-97.3667861,19.8064801
"698"," TEZIUTLAN","PUEBLA","INTERCONTINENTAL DE MEDICAMENTOS, S.A. DE C.V. / FARMACIA H.G. TEZIUTLAN",163,-97.3570576,19.8160106
"699"," TEZONAPA","VERACRUZ DE IGNACIO DE LA LLAVE","FARMACIA EXFARMA, S.A. DE C.V. HOSPITAL DE LA COMUNIDAD DE TEZONAPA",1,-96.6959155,18.6158683
"700"," TIERRA BLANCA","VERACRUZ DE IGNACIO DE LA LLAVE","FARMACIA EXFARMA, S.A. DE C.V. HOSPITAL GENERAL DE ZONA TIERRA BLANCA",5,-96.3470132,18.4416842
"701"," TIJUANA","BAJA CALIFORNIA","CENTRO DE LA CONDUCTA S.C.",6995,-117.0328782,32.5242553
"702"," TIJUANA","BAJA CALIFORNIA","CENTRO MEDICO HOSPITAL DEL PRADO, S.A. DE C.V.",398,-116.9901432,32.5096845
"703"," TIJUANA","BAJA CALIFORNIA","CENTRO OFTALMOLOGICO DE TIJUANA, S.DE R.L. DE C.V.",53,-117.0208914,32.5086623
"704"," TIJUANA","BAJA CALIFORNIA","CLINICA MATERNIDAD FLORESTA",2,-116.93735,32.479339
"705"," TIJUANA","BAJA CALIFORNIA","FARMACIA ANESTECIA IN",1389,-117.0202634,32.5281609
"706"," TIJUANA","BAJA CALIFORNIA","FARMACIA HOSPITAL MATERNO INFANTIL DE TIJUANA",3,-116.9283738,32.4907153
"707"," TIJUANA","BAJA CALIFORNIA","FARMACIA LA PAZ",1253,-117.0095358,32.5266877
"708"," TIJUANA","BAJA CALIFORNIA","FARMACIAS ESPECIALIZADAS, SUC. TIJUANA 2",1543,-117.0341279,32.5269104
"709"," TIJUANA","BAJA CALIFORNIA","FARMACOS ESPECIALIZADOS SA DE CV",2259,-117.010333,32.51989
"710"," TIJUANA","BAJA CALIFORNIA","HOSPITAL DEL CARMEN, S.A. DE C.V.",157,-117.0179639,32.5146743
"711"," TIJUANA","BAJA CALIFORNIA","HOSPITAL ISSSTECALI TIJUANA",234,-117.0917265,32.5307272
"712"," TIJUANA","BAJA CALIFORNIA","HOSPITAL MI DOCTOR",54,-117.0225515,32.5339936
"713"," TIJUANA","BAJA CALIFORNIA","LUIS SUAREZ AVALOS",5,-117.013064,32.523191
"714"," TIJUANA","BAJA CALIFORNIA","NORTH PHARMA",3,-117.0161911,32.5331651
"715"," TIJUANA","BAJA CALIFORNIA","OBESITY CONTROL  CENTER",70,-117.0265854,32.5301444
"716"," TIJUANA","BAJA CALIFORNIA","PALIATIVO MED, S. DE R. L. DE C.V.",46,-116.9377647,32.5463084
"717"," TIJUANA","BAJA CALIFORNIA","PROFESIONALES CONTRA LA ADICCION S.A. DE C.V.",26778,-117.04405,32.4985
"718"," TIJUANA","BAJA CALIFORNIA","PROFESIONALES CONTRA LA ADICCION SA DE CV",18521,-117.04405,32.4985
"719"," TIJUANA","BAJA CALIFORNIA","UNIDAD QUIRURGICA GALANS, S.C.",44,-117.0133125,32.524658
"720"," TLACOTEPEC DE BENITO JUAREZ","PUEBLA","INTERCONTINENTAL DE MEDICAMENTOS, S.A. DE C.V. FARMACIA H.I. TLACOTEPEC DE BENITO JUAREZ",2,-97.6483178,18.6816256
"721"," TLAJOMULCO DE ZUNIGA","JALISCO","FARMACIA LA PAZ",41,-103.4448796,20.5888819
"722"," TLAJOMULCO DE ZUNIGA","JALISCO","OCP. OPERADORA CLINICA DEL PACIFICO, S.A. DE C.V.",634,-103.4140455,20.7087317
"723"," TLALIXCOYAN","VERACRUZ DE IGNACIO DE LA LLAVE","FARMACIA EXFARMA, S.A. DE C.V. HOSPITAL GENERAL DE TLALIXCOYAN",7,-96.0575784,18.7996742
"724"," TLALNEPANTLA DE BAZ","MEXICO","BOTICA",66,-99.2225103,19.5467929
"725"," TLALNEPANTLA DE BAZ","MEXICO","CENTRO QUIRURGICO SANTA TERESA, S.A. DE C.V.",76,-99.2278445,19.5373876
"726"," TLALNEPANTLA DE BAZ","MEXICO","FARMACIA LA PAZ",323,-99.2248448,19.5324731
"727"," TLALPAN","CIUDAD DE MEXICO","FARMACIA DEL HOSPITAL CENTRAL SUR DE ALTA ESPECIALIDAD",291,-99.2237414,19.3102562
"728"," TLALPAN","CIUDAD DE MEXICO","FARMACIA DEL HOSPITAL GENERAL AJUSCO MEDIO DRA OBDULIA RODRIGUEZ RODRIGUEZ",73,-99.207848,19.2721484
"729"," TLALPAN","CIUDAD DE MEXICO","FARMACIA DEL INSTITUTO NACIONAL DE CANCEROLOGIA",959,-99.1614713,19.2888365
"730"," TLALPAN","CIUDAD DE MEXICO","FARMACIA DEL INSTITUTO NACIONAL DE CARDIOLOGIA IGNACIO CHAVEZ",1783,-99.1547261,19.2913637
"731"," TLALPAN","CIUDAD DE MEXICO","FARMACIA DEL INSTITUTO NACIONAL DE ENFERMEDADES RESPIRATORIAS ISMAEL COSIO VILLEGAS",6691,-99.1589901,19.2928904
"732"," TLALPAN","CIUDAD DE MEXICO","FARMACIA DIMESA HOSPITAL GENERAL DR. MANUEL GEA GONZALEZ",922,-99.1608612,19.2902851
"733"," TLALPAN","CIUDAD DE MEXICO","FARMACIA LA PAZ",1075,-99.1601495,19.2919933
"734"," TLALPAN","CIUDAD DE MEXICO","FARMACIA MEDICA SUR",35,-99.1674926,19.2777902
"735"," TLALPAN","CIUDAD DE MEXICO","FARMACIA SAN PABLO SUCURSAL LA JOYA",93,-99.1645999,19.2824686
"736"," TLALPAN","CIUDAD DE MEXICO","FARMACIA SAN PABLO SUCURSAL SAN FERNANDO",123,-99.1770884,19.2948215
"737"," TLALPAN","CIUDAD DE MEXICO","FARMACIAS ESPECIALIZADAS SUCURSAL NUTRICION",4961,-99.159417,19.292513
"738"," TLALPAN","CIUDAD DE MEXICO","FARMACIAS ESPECIALIZADAS, SUCURSAL TLALPAN 1",3996,-99.159417,19.292513
"739"," TLALPAN","CIUDAD DE MEXICO","FARMACIAS ESPECIALIZADAS, SUCURSAL VILLACOAPA",1060,-99.159417,19.292513
"740"," TLALPAN","CIUDAD DE MEXICO","INSTITUTO NACIONAL DE CIENCIAS MEDICAS Y NUTRICION SALVADOR ZUBIRAN",1381,-99.1553977,19.2891535
"741"," TLALPAN","CIUDAD DE MEXICO","INSTITUTO NACIONAL DE REHABILITACION GABINETE DE RAYOS X",1,-99.1489819,19.28907
"742"," TLALPAN","CIUDAD DE MEXICO","INSTITUTO NACIONAL DE REHABILITACION LUIS GUILLERMO IBARRA IBARRA",780,-99.1491222,19.2901399
"743"," TLALPAN","CIUDAD DE MEXICO","MEDICA SUR S.A.B. DE C.V.",144,-99.133952,19.2964275
"744"," TLALPAN","CIUDAD DE MEXICO","OPERADORA DE HOSPITALES ANGELES S.A. DE C.V.",13,-99.209429,19.2988623
"745"," TLALPAN","CIUDAD DE MEXICO","PHARMA CLUB, SA DE CV SUCURSAL PSIQUIS",1131,-99.1614713,19.2888365
"746"," TLAOLA","PUEBLA","INTERCONTINENTAL DE MEDICAMENTOS, S.A. DE C.V. FARMACIA H.I. TLAOLA",4,-97.9212959,20.1364174
"747"," TLAPACOYAN","VERACRUZ DE IGNACIO DE LA LLAVE","FARMACIA EXFARMA, S.A. DE C.V. HOSPITAL DE LA COMUNIDAD DE TLAPACOYAN",1,-97.2190254,19.9639781
"748"," TLAQUEPAQUE","JALISCO","FARMACIA PEMEX",52,-103.2888492,20.6163344
"749"," TLATLAUQUITEPEC","PUEBLA","INTERCONTINENTAL DE MEDICAMENTOS, S.A. DE C.V. / FARMACIA H.G. TLATLAUQUITEPEC",90,-97.4949471,19.8546482
"750"," TOLUCA","MEXICO","BOTICA INTRA- HOSP CENTRO MEDICO LIC. ADOLFO LOPEZ MATEOS",2074,-99.6333401,19.3207917
"751"," TOLUCA","MEXICO","BOTICA INTRA-HOSPITAL MATERNO INFANTIL ""MONICA PRETELINI SAENZ""",122,-99.6556653,19.2826098
"752"," TOLUCA","MEXICO","FARMACIA CENTRO MEDICO",1,-99.5933011,19.2878768
"753"," TOLUCA","MEXICO","FARMACIA LA PAZ",105,-99.6589042,19.2699852
"754"," TOLUCA","MEXICO","FARMACIA SANATORIO FLORENCIA",391,-99.6737599,19.2842184
"755"," TOLUCA","MEXICO","FARMACIA SERVICIOS MEDICOS QUIRURGICOS DE TOLUCA S.A. DE C.V.",15,-99.6669939,19.2768948
"756"," TOLUCA","MEXICO","FARMACIAS ESPECIALIZADAS, SUC. TOLUCA 1",330,-99.64146,19.285791
"757"," TOLUCA","MEXICO","LABORATORIO ESTATAL DE SALUD PUBLICA DEL ESTADO DE MEXICO",2,-99.6575405,19.2722322
"758"," TOLUCA","MEXICO","UNIDAD DE FARMACIAS HOSPITALARIA CENTRO ONCOLOGICO ISSEMYM",143,-99.6534311,19.2685969
"759"," TORREON","COAHUILA DE ZARAGOZA","BENEFICENCIA ESPANOLA DE LA LAGUNA",407,-103.4402966,25.54061
"760"," TORREON","COAHUILA DE ZARAGOZA","BOTICA HOSPITAL GENERAL DE ZONA 18",50,-103.4458842,25.5354618
"761"," TORREON","COAHUILA DE ZARAGOZA","CLINICA DE ESPECIALIDADES DE LA LAGUNA SC",87,-103.4202119,25.533871
"762"," TORREON","COAHUILA DE ZARAGOZA","FARMACIA ANDULACIA",69,-103.3262045,25.5460509
"763"," TORREON","COAHUILA DE ZARAGOZA","FARMACIA DE LA UNIDAD MEDICA DE ATENCION AMBULATORIA",33,-103.454526,25.5395245
"764"," TORREON","COAHUILA DE ZARAGOZA","FARMACIA DE SERVICIOS HOSPITALARIOS DEL NORTE S.A. DE C.V.",24,-103.4067861,25.5428443
"765"," TORREON","COAHUILA DE ZARAGOZA","FARMACIA DEL HOSPITAL DE ESPECIALIDADES NO. 71",525,-103.4199979,25.5353001
"766"," TORREON","COAHUILA DE ZARAGOZA","FARMACIA DEL HOSPITAL RURAL 79 IMSS SOLIDARIDAD",79,-103.4219129,25.5346319
"767"," TORREON","COAHUILA DE ZARAGOZA","FARMACIA DEL INSTITUTO MEXICANO DEL SEGURO SOCIAL H.G.Z. NO. 16",17,-103.4219129,25.5346319
"768"," TORREON","COAHUILA DE ZARAGOZA","FARMACIA LA PAZ",534,-103.4229794,25.5358284
"769"," TORREON","COAHUILA DE ZARAGOZA","FARMACIAS ESPECIALIZADAS, SUC. TORREON",481,-103.441133,25.5391039
"770"," TORREON","COAHUILA DE ZARAGOZA","HOSPITAL GENERAL UNIVERSITARIO ""DR. JOAQUIN DEL VALLE SANCHEZ""",63,-103.4380071,25.538432
"771"," TORREON","COAHUILA DE ZARAGOZA","HOSPITAL INFANTIL UNIVERSITARIO",118,-103.4295065,25.5444643
"772"," TORREON","COAHUILA DE ZARAGOZA","INSTITUTO DE SEGURIDAD Y SERVICIOS SOCIALES PARA LOS TRABAJADORES DEL ESTADO",86,-103.4979796,25.5642702
"773"," TORREON","COAHUILA DE ZARAGOZA","KLYNS ALAMEDA",1,-103.4455356,25.5414148
"774"," TORREON","COAHUILA DE ZARAGOZA","OPERADORA DE HOSPITALES ANGELES S.A. DE C.V.",246,-103.3949534,25.5172833
"775"," TORREON","COAHUILA DE ZARAGOZA","UMA ANZUREZ, S.A. DE C.V.",26,-103.4230771,25.5353597
"776"," TULA DE ALLENDE","HIDALGO","HOSPITAL GENERAL GUILLERMO ALVAREZ MACIAS",42,-99.3292171,19.9961403
"777"," TULA DE ALLENDE","HIDALGO","HOSPITAL GENERAL PETROLEOS MEXICANOS",31,-99.3362421,20.0589132
"778"," TULANCINGO DE BRAVO","HIDALGO","FARMACIA FARMADESCUENTO, S.A. DE C.V.",147,-98.3690922,20.0904802
"779"," TULTITLAN","MEXICO","CLINICA MEDICA ELIPSE, S.A. DE C.V.",9,-99.1693395,19.6202602
"780"," TULTITLAN","MEXICO","FARMACIA MEDALFA DEL HOSPITAL GENERAL TULTITLAN DOCTOR JOSE SEVERIANO REYES BRITO",5,-99.0927531,19.6768426
"781"," TUXPAN","VERACRUZ DE IGNACIO DE LA LLAVE","CENTRO DE ESPECIALIDADES MEDICAS DE LAS HUASTECAS S.A. DE C.V.",44,-97.4008053,20.9529919
"782"," TUXPAN","VERACRUZ DE IGNACIO DE LA LLAVE","FARMACIA ALOPATICA CENTRO DE ESPECIALIDADES MEDICAS DE LAS HUASTECAS S.A. DE C.V.",31,-97.4063351,20.9561149
"783"," TUXPAN","VERACRUZ DE IGNACIO DE LA LLAVE","HOSPITAL GENERAL TUXPAN DR. EMILIO ALCAZAR",4,-97.4001605,20.9515053
"784"," TUXTLA GUTIERREZ","CHIAPAS","ABASTECEDORA DE INSUMOS PARA LA SALUD S.A. DE C.V.",97,-93.1029939,16.7516009
"785"," TUXTLA GUTIERREZ","CHIAPAS","DISTRIBUIDORA INTERNACIONAL DE MEDICAMENTOS Y EQUIPO MEDICO S.A. DE C.V.",140,-93.120043,16.751833
"786"," TUXTLA GUTIERREZ","CHIAPAS","EXFARMA HOSPITAL GENERAL PASCACIO GAMBOA",104,-93.1169857,16.7458861
"787"," TUXTLA GUTIERREZ","CHIAPAS","FARMACIA DE ESPECIALIDADES DE TUXTLA",220,-93.114173,16.753702
"788"," TUXTLA GUTIERREZ","CHIAPAS","FARMACIA DEL HOSPITAL DE ESPECIALIDADES PEDIATRICAS",10,-93.0702232,16.7480951
"789"," TUXTLA GUTIERREZ","CHIAPAS","FARMACIA DEL HOSPITAL MILITAR REGIONAL",71,-93.091325,16.74558
"790"," TUXTLA GUTIERREZ","CHIAPAS","FARMACIA DISTRIBUIDORA PM DE OCCIDENTE, S.A. DE C.V.",130,-93.1301701,16.7600051
"791"," TUXTLA GUTIERREZ","CHIAPAS","FARMACIA DISUR DEL HOSP. REGIONAL DR. RAFAEL PASCACIO GAMBOA",21,-93.1166782,16.7499684
"792"," TUXTLA GUTIERREZ","CHIAPAS","FARMACIA DISUR DEL HOSPITAL CHIAPAS NOS UNE DR. JESUS GILBERTO GOMEZ MAZA",73,-93.0733045,16.7490868
"793"," TUXTLA GUTIERREZ","CHIAPAS","FARMACIA LA PAZ",739,-93.1159795,16.7448771
"794"," TUXTLA GUTIERREZ","CHIAPAS","FARMACIA SUMEDIC",9,-93.1242394,16.7550555
"795"," TUXTLA GUTIERREZ","CHIAPAS","FARMACIAS ESPECIALIZADAS, SUC. TUXTLA GUTIERREZ",365,-93.114173,16.753702
"796"," TUXTLA GUTIERREZ","CHIAPAS","MAXIFARMACIAS ESPECIALIDAD A TU ALCANCE",3,-93.1263822,16.7507722
"797"," TUXTLA GUTIERREZ","CHIAPAS","SIVANA FARMACIA",2,-93.0715697,16.7466317
"798"," TUXTLA GUTIERREZ","CHIAPAS","SOLUCIONES COMERCIALES ABDO, S.A. DE C.V.",5,-93.1029939,16.7516009
"799"," TUXTLA GUTIERREZ","CHIAPAS","VENART CLINICA HOSPITALARIA Y DISTRIBUIDORA DE INSUMOS S. DE R. L.",4,-93.1294766,16.756832
"800"," TUZANTLA","MICHOACAN DE OCAMPO","FARMACIA MEDALFA HOSPITAL COMUNITARIO DE TUZANTLA",1,-100.5519315,19.2344435
"801"," URIANGATO","GUANAJUATO","BOTICA DIMESA ANEXA A HOSPITAL GENERAL URIANGATO",20,-101.1709798,20.1515394
"802"," URUAPAN","MICHOACAN DE OCAMPO","FARMACIA HOSPITAL CAMELINAS",7,-102.0522176,19.4256631
"803"," URUAPAN","MICHOACAN DE OCAMPO","FARMACIA LA PAZ",47,-102.0526858,19.4099731
"804"," URUAPAN","MICHOACAN DE OCAMPO","FARMACOS ESPECIALIZADOS SA DE CV",60,-102.0535,19.409205
"805"," VALLADOLID","YUCATAN","FARMACIA DEL HOSPITAL GENERAL DE VALLADOLID",63,-88.19527,20.69904
"806"," VALLE DE CHALCO SOLIDARIDAD","MEXICO","FARMACIA DISUR ( FARMACIA DEL HOSPITAL GENERAL DR. FERNANDO QUIROZ GUTIEREZ)",2,-98.9415982,19.2737138
"807"," VENUSTIANO CARRANZA","CIUDAD DE MEXICO","FARMACIA DEL CENTRO DE ATENCION MEDICA INTEGRAL, S.A. DE C.V.",108,-99.1495319,19.5304639
"808"," VENUSTIANO CARRANZA","PUEBLA","INTERCONTINENTAL DE MEDICAMENTOS FARMACIA HOSPITAL INTEGRAL VENUSTIANO CARRANZA",4,-97.6853848,20.4772353
"809"," VERACRUZ","VERACRUZ DE IGNACIO DE LA LLAVE","EXFARMA S.A. DE C.V. HOSPITAL DE ALTA ESPECIALIDAD DE VERACRUZ",12,-96.1321694,19.1855767
"810"," VERACRUZ","VERACRUZ DE IGNACIO DE LA LLAVE","FARMACIA ALOPATICA PEMEX",46,-96.1342241,19.173773
"811"," VERACRUZ","VERACRUZ DE IGNACIO DE LA LLAVE","FARMACIA CLINICA SAN LUIS",38,-96.1249267,19.1729352
"812"," VERACRUZ","VERACRUZ DE IGNACIO DE LA LLAVE","FARMACIA DEL HOSPITAL DE ALTA ESPECIALIDAD DE VERACRUZ",171,-96.1699701,19.1807598
"813"," VERACRUZ","VERACRUZ DE IGNACIO DE LA LLAVE","FARMACIA EXFARMA, S.A. DE C.V. HOSPITAL GENERAL DE TARIMOYA DR. HORACIO DIAZ CHAZARO",4,-96.183661,19.1926792
"814"," VERACRUZ","VERACRUZ DE IGNACIO DE LA LLAVE","FARMACIA LA PAZ",123,-96.1317081,19.1839814
"815"," VERACRUZ","VERACRUZ DE IGNACIO DE LA LLAVE","FARMACIAS ESPECIALIZADAS, SUCURSAL VERACRUZ",524,-96.127991,19.183688
"816"," VERACRUZ","VERACRUZ DE IGNACIO DE LA LLAVE","PRIMEDVER S.A. DE C.V.",270,-96.1317866,19.1845141
"817"," VERACRUZ","VERACRUZ DE IGNACIO DE LA LLAVE","SOCIEDAD ESPANOLA DE BENEFICENCIA",150,-96.1304695,19.1942654
"818"," VICENTE GUERRERO","PUEBLA","INTERCONTINENTAL DE MEDICAMENTOS, S.A. DE C.V. FARMACIA H.I. VICENTE GUERRERO",3,-97.1971326,18.5421953
"819"," VICTORIA","TAMAULIPAS","CENTRO ONCOLOGICO DE TAMAULIPAS",6,NA,NA
"820"," VICTORIA","TAMAULIPAS","FARMACIA HOSPITAL GENERAL DE CD. VICTORIA HOSPITAL DR. NORBERTO TREVINO ZAPATA",28,-99.1374866,23.7483604
"821"," VICTORIA","TAMAULIPAS","FARMACIA LA PAZ",56,-99.1376379,23.7494935
"822"," VICTORIA","TAMAULIPAS","FARMACIAS ESPECIALIZADAS, SUC. CD. VICTORIA",114,-99.1521877,23.7319352
"823"," VICTORIA","TAMAULIPAS","HOSPITAL INFANTIL",13,-99.1635482,23.7220773
"824"," VILLA DE COS","ZACATECAS","BOTICA DIMESA HOSPITAL COMUNITARIO VILLA DE COS",36,-102.341585,23.2820672
"825"," VILLA SOLA DE VEGA","OAXACA","FARMACIA DISUR INTERIOR HOSPITAL BASICO COMUNITARIO DE SOLA DE VEGA",14,-96.9793678,16.5141275
"826"," VILLAFLORES","CHIAPAS","EXFARMA HOSPITAL GENERAL BICENTENARIO VILLAFLORES",30,-93.265726,16.232572
"827"," VILLAGRAN","GUANAJUATO","BOTICA DIMESA ANEXA A HOSPITAL COMUNITARIO VILLAGRAN",11,-100.9904153,20.5109404
"828"," XALAPA","VERACRUZ DE IGNACIO DE LA LLAVE","FARMACIA ALOPATICA CENTRO MEDICO XALAPA",148,-96.9295175,19.5466898
"829"," XALAPA","VERACRUZ DE IGNACIO DE LA LLAVE","FARMACIA EXFARMA S.A. DE C.V. CENTRO DE ALTA ESPECIALIDAD DR. RAFAEL LUCIO",125,-96.9358813,19.5517612
"830"," XALAPA","VERACRUZ DE IGNACIO DE LA LLAVE","FARMACIA LA PAZ",512,-96.9336938,19.5489234
"831"," XALAPA","VERACRUZ DE IGNACIO DE LA LLAVE","FARMACIAS ESPECIALIZADAS, SUCURSAL XALAPA",332,-96.8975636,19.5269127
"832"," XALAPA","VERACRUZ DE IGNACIO DE LA LLAVE","HOSPITAL REGIONAL DE XALAPA DR. LUIS F. NACHON",29,-96.9210548,19.5259384
"833"," XALAPA","VERACRUZ DE IGNACIO DE LA LLAVE","OPERADORA DE HOSPITALES ANGELES, S.A.",242,-96.8811936,19.5155322
"834"," XICOTEPEC","PUEBLA","INTERCONTINENTAL DE MEDICAMENTOS, S.A. DE C.V. FARMACIA H.I. XICOTEPEC",91,-97.964259,20.2786208
"835"," XOCHIMILCO","CIUDAD DE MEXICO","DISTRIBUIDORA DISUR, S.A. DE C.V.",48,-99.1452922,19.2872253
"836"," YAHUALICA DE GONZALEZ GALLO","JALISCO","FARMACIA DEL HOSPITAL REGINAL DE YAHUALICA",17,-102.8882714,21.1817805
"837"," YAUTEPEC","MORELOS","FARMACIA VANTAGE HOSPITAL DE LA MUJER",21,-99.0755108,18.8753747
"838"," YAUTEPEC","MORELOS","FARMACIAS ARV DEL HOSPITAL ESPECIALIZADO DE LA MUJER YAUTEPEC",28,-99.0755108,18.8753747
"839"," ZACAPOAXTLA.","PUEBLA","INTERCONTINENTAL DE MEDICAMENTOS FARMACIA HOSPITAL INTEGRAL ZACAPOAXTLA",6,-97.5893996,19.9000754
"840"," ZACAPU","MICHOACAN DE OCAMPO","FARMACIA DEL HOSPITAL GENERAL DE ZONA NO. 2",29,-101.787981,19.81647
"841"," ZACAPU","MICHOACAN DE OCAMPO","FARMACIA MEDALFA HOSPITAL GENERAL ZACAPU",1,-101.787981,19.81647
"842"," ZACATECAS","ZACATECAS","BOTICA DIMESA DEL HOSPITAL GENERAL DE ZACATECAS LUZ GLEZ. C.",371,-102.6200761,22.7785017
"843"," ZACATECAS","ZACATECAS","FARMACIA SAN JOSE",87,-103.119105,21.410277
"844"," ZACATECAS","ZACATECAS","HOSPITAL DE ESPECIALIDADES JEREZ, S.A. DE C.V.",255,-102.998516,22.638046
"845"," ZACATLAN","PUEBLA","INTERCONTINENTAL DE MEDICAMENTOS, S.A. DE C.V. FARMACIA H.G. ZACATLAN",622,-97.9609231,19.9301531
"846"," ZACUALPAN","MEXICO","FARMACIA MEDALFA DEL HOSPITALMUNICIPAL ZACUALPAN",2,-99.7759907,18.7188952
"847"," ZAMORA","MICHOACAN DE OCAMPO","FARMACIA LA PAZ",149,-102.2827039,19.9831403
"848"," ZAMORA","MICHOACAN DE OCAMPO","FARMACIAS ESPECIALIZADAS, SUC. ZAMORA",155,-102.279628,19.984697
"849"," ZAMORA","MICHOACAN DE OCAMPO","HOSPITAL SANTA",105,-102.2908308,19.977492
"850"," ZAPOPAN","JALISCO","ABASTECEDORA DE INSUMOS PARA LA SALUD, S.A. DE C.V.",26,-103.3684662,20.7178866
"851"," ZAPOPAN","JALISCO","FARMACIA DEL INSTITUTO JALISCIENSE DE ALIVIO AL DOLOR Y CUIDADOS PALITITVOS.",1184,-103.3708538,20.7180821
"852"," ZAPOPAN","JALISCO","FARMACIA ESPECIALIZADA LA PAZ/ COL. ZOQUIPAN, ZAPOPAN, JAL.",638,-103.3700555,20.7187325
"853"," ZAPOPAN","JALISCO","FARMACIA LA PAZ",431,-103.4046677,20.6508755
"854"," ZAPOPAN","JALISCO","HOSPITAL ARBOLEDAS DE ZAPOPAN S.A. DE C.V.",294,-103.4230752,20.6303341
"855"," ZAPOPAN","JALISCO","HOSPITAL GUADALUPE CORP S.A. DE C.V.",208,-103.4200959,20.6647343
"856"," ZAPOPAN","JALISCO","HOSPITAL REAL SAN JOSE, S.C.",1038,-103.4092094,20.6726132
"857"," ZAPOPAN","JALISCO","HOSPITAL REGIONAL DR. VALENTIN GOMEZ FARIAS",1737,-103.3870895,20.7185359
"858"," ZAPOPAN","JALISCO","INNOVARE CIRUGIA PLASTICA ESPECIALIZADA",395,-103.4460896,20.702315
"859"," ZAPOPAN","JALISCO","OCP OPERADORA CLINICA DEL PACIFICO SA DE CV",1005,-103.4140455,20.7087317
"860"," ZAPOTLAN EL GRANDE","JALISCO","FARMACIA LA PAZ",2,-103.4629317,19.7096804
"861"," ZITACUARO","MICHOACAN DE OCAMPO","FARMACIA MEDALFA HOSPITAL GENERAL DE ZITACUARO",67,-100.3681217,19.4314802
"862","GUADALAJARA","JALISCO","OPERADORA DE HOSPITALES ANGELES, S.A. DE C.V.",1388,-103.3981541,20.6807996
"863","GUADALAJARA","JALISCO","SANATORIO GUADALAJARA, S.A.",113,-103.3713039,20.677866
"864","ZAPOPAN","JALISCO","HOSPITAL SANTA MARIA CHAPALITA, S. A.",1692,-103.4087363,20.6672752
